adjective	frequency
other	361
more	257
such	220
new	219
digital	215
many	206
important	171
different	167
quick	117
academic	111
specific	108
first	101
useful	100
physical	93
possible	90
available	89
online	89
open	83
small	81
large	80
easy	79
creative	78
most	74
able	73
few	71
same	70
similar	70
current	69
much	69
own	69
common	65
public	65
good	64
main	64
clear	62
better	60
full	60
single	60
relevant	59
low	57
several	56
best	55
key	55
particular	52
ethnographic	51
long	51
permanent	51
great	50
simple	50
users’	50
mobile	49
difficult	47
high	47
accessible	45
top	45
global	44
necessary	43
social	43
usable	43
various	43
larger	42
visual	42
anticipatory	41
little	41
local	41
primary	41
significant	40
likely	39
multiple	39
practical	39
broad	38
free	38
general	38
individual	38
potential	38
real	38
initial	37
short	37
institutional	36
personal	36
positive	36
qualitative	36
sure	36
easier	35
overall	35
traditional	35
additional	34
complete	34
unique	34
effective	33
major	32
popular	32
critical	31
iterative	31
last	31
quantitative	31
recent	31
actual	30
entire	30
helpful	30
less	30
big	29
special	29
static	29
final	28
second	28
undergraduate	28
wide	28
collaborative	27
descriptive	27
higher	27
least	27
previous	27
successful	27
basic	26
complex	26
electronic	26
interested	26
next	26
regular	26
consistent	25
meaningful	25
technical	25
certain	24
limited	24
essential	23
average	22
smaller	22
busy	21
cultural	21
ongoing	21
strong	21
brief	20
direct	20
internal	20
organizational	20
visible	20
contextual	19
greater	19
holistic	19
instructional	19
powerful	19
responsive	19
separate	19
subject	19
third	19
virtual	19
detailed	18
familiar	18
friendly	18
library	18
poor	18
valuable	18
advanced	17
appropriate	17
broader	17
graduate	17
original	17
whole	17
confusing	16
distinct	16
formal	16
further	16
future	16
ideal	16
interesting	16
minimal	16
total	16
worth	16
comfortable	15
early	15
excellent	15
focused	15
human	15
live	15
native	15
numerous	15
past	15
professional	15
quiet	15
refereed	15
regional	15
related	15
rich	15
typical	15
wider	15
alternative	14
central	14
diverse	14
fewer	14
intensive	14
natural	14
only	14
problematic	14
right	14
silent	14
assistive	13
aware	13
cognitive	13
desirable	13
ended	13
enough	13
example	13
hard	13
informal	13
longer	13
scholarly	13
secondary	13
willing	13
biggest	12
crucial	12
flexible	12
highest	12
ios	12
mental	12
minor	12
monthly	12
pure	12
representative	12
screenshot	12
soft	12
strategic	12
true	12
bad	11
comparative	11
efficient	11
overwhelming	11
standard	11
students’	11
applicable	10
beautiful	10
external	10
extra	10
historical	10
lean	10
negative	10
slow	10
theoretical	10
unnecessary	10
valid	10
closed	9
commercial	9
complicated	9
continuous	9
correct	9
deeper	9
disparate	9
exact	9
huge	9
immediate	9
informational	9
inherent	9
interactive	9
intuitive	9
librarian	9
measurable	9
observational	9
obvious	9
odd	9
old	9
participant	9
perfect	9
playful	9
raw	9
responsible	9
tabbed	9
universal	9
widespread	9
above	8
active	8
annual	8
challenging	8
compelling	8
curious	8
demographic	8
earlier	8
empty	8
extensive	8
faster	8
feasible	8
front	8
functional	8
fundamental	8
happy	8
informed	8
median	8
notable	8
preferred	8
productive	8
regulatory	8
relatable	8
reliable	8
straightforward	8
thematic	8
unclear	8
white	8
abstract	7
accurate	7
advisory	7
applied	7
close	7
closer	7
comprehensive	7
dedicated	7
equal	7
ethnographish	7
explicit	7
fast	7
fictional	7
fun	7
involved	7
licensed	7
older	7
prior	7
senior	7
subsequent	7
technological	7
tricky	7
wrong	7
apparent	6
audio	6
biographical	6
capable	6
comparable	6
confident	6
cumbersome	6
directional	6
emotional	6
experimental	6
exploratory	6
following	6
former	6
heavy	6
inconsistent	6
innovative	6
intangible	6
international	6
memorable	6
minded	6
modest	6
private	6
ready	6
relative	6
rigorous	6
semantic	6
sidebar	6
standardized	6
subjective	6
substantial	6
surprising	6
tangible	6
unlikely	6
vast	6
viable	6
acceptable	5
administrative	5
alone	5
alternate	5
beneficial	5
bottom	5
busiest	5
confused	5
constant	5
deep	5
diagnostic	5
dirty	5
dynamic	5
educational	5
engaged	5
environmental	5
everyday	5
existing	5
experienced	5
favorable	5
flat	5
fresh	5
graphic	5
improved	5
independent	5
integral	5
mid	5
middle	5
outside	5
perpetual	5
predictive	5
preliminary	5
proper	5
reasonable	5
reflective	5
respective	5
shared	5
shorter	5
solid	5
sophisticated	5
specialized	5
statistical	5
sticky	5
structured	5
systematic	5
thorough	5
timely	5
unexpected	5
unfamiliar	5
very	5
welcome	5
worthwhile	5
1st	4
adjective	4
agnostic	4
analogous	4
archival	4
attainable	4
automatic	4
back	4
bigger	4
bluetooth	4
brown	4
cacheable	4
careful	4
clean	4
clearer	4
cluttered	4
collective	4
colored	4
conceptual	4
concerned	4
concrete	4
considerable	4
contemporary	4
convenient	4
daily	4
delightful	4
dependent	4
disruptive	4
due	4
easiest	4
english	4
fair	4
favorite	4
fluid	4
fourth	4
frustrating	4
fuller	4
generic	4
impossible	4
incorrect	4
integrated	4
intentional	4
interpretive	4
irrelevant	4
largest	4
late	4
layout	4
left	4
lengthy	4
libqual+	4
lightweight	4
literal	4
manageable	4
mini	4
mixed	4
motivated	4
multi	4
national	4
nearby	4
nice	4
normal	4
novel	4
nvivo	4
occasional	4
official	4
optimal	4
overwhelmed	4
participants’	4
passive	4
plain	4
pleasant	4
pleased	4
portal	4
proactive	4
proficient	4
red	4
remote	4
richer	4
sized	4
slower	4
smart	4
surprised	4
sustainable	4
textual	4
ultimate	4
unable	4
understandable	4
upper	4
urgent	4
varied	4
weekly	4
workflow	4
achievable	3
actionable	3
agile	3
amazing	3
anonymous	3
anthropological	3
attractive	3
authoritarian	3
awesome	3
awkward	3
black	3
blind	3
blue	3
browsable	3
cheap	3
chrome	3
colloquial	3
computational	3
concise	3
conversational	3
costly	3
definite	3
dense	3
departmental	3
dominant	3
empathetic	3
encouraging	3
engaging	3
exclusive	3
expensive	3
extended	3
extreme	3
false	3
financial	3
fine	3
firm	3
fiscal	3
focal	3
foreign	3
foundational	3
gradual	3
grand	3
greatest	3
habitual	3
honest	3
imaginary	3
impressed	3
inclusive	3
inexpensive	3
insightful	3
instant	3
instructive	3
intermediate	3
invasive	3
joint	3
label	3
later	3
latest	3
latino	3
latter	3
loud	3
lucky	3
mean	3
medical	3
medium	3
methodological	3
narrow	3
navigational	3
numerical	3
objective	3
obscure	3
observed	3
outdated	3
prepared	3
present	3
presumptive	3
promotional	3
realistic	3
redesign	3
redundant	3
reverse	3
risky	3
scientific	3
serious	3
set	3
simultaneous	3
sixth	3
stark	3
stronger	3
sufficient	3
supplemental	3
temporary	3
thoughtful	3
time_local	3
tiny	3
transformative	3
transparent	3
trendy	3
unavailable	3
uncomfortable	3
underlying	3
unfocused	3
unified	3
unknown	3
unused	3
upcoming	3
worse	3
young	3
younger	3
2nd	2
99th	2
actors’	2
adequate	2
affordable	2
analytical	2
approachable	2
architectural	2
armed	2
associate	2
atypical	2
authors’	2
avid	2
awful	2
baseline	2
biased	2
bibliographic	2
binding	2
bold	2
bright	2
categorical	2
centralized	2
classic	2
clever	2
clinical	2
coherent	2
combined	2
conducive	2
consecutive	2
content	2
continual	2
contradictory	2
controlled	2
conventional	2
core	2
corresponding	2
countless	2
custom	2
customizable	2
cyclical	2
daunting	2
deaf	2
decorative	2
desktop	2
digitized	2
disciplinary	2
discoverable	2
doctoral	2
double	2
downloadable	2
ebrary	2
electrical	2
eleventh	2
empirical	2
encode	2
equivalent	2
ethnographish’	2
evaluative	2
excited	2
expanded.df[row	2
expert	2
explanatory	2
fascinating	2
fashioned	2
fellow	2
findable	2
finite	2
firsthand	2
fond	2
fortunate	2
frequent	2
fruitful	2
frustrated	2
geographic	2
grassroots	2
handy	2
hidden	2
hierarchical	2
historic	2
homepage	2
hot	2
hourly	2
http://blogs.hbr.org/2011/08/henry	2
hybrid	2
identical	2
identifiable	2
imaginable	2
immerse	2
impactful	2
implement	2
incomplete	2
indoor	2
industrial	2
ineffective	2
inexperienced	2
influential	2
informative	2
intellectual	2
intense	2
intent	2
interior	2
interlibrary	2
intriguing	2
introductory	2
invaluable	2
ish	2
isolated	2
jealous	2
justifiable	2
kanban	2
librarians’	2
libraries’	2
light	2
lighter	2
locational	2
logical	2
longitudinal	2
longstanding	2
lowest	2
massive	2
mega	2
menu	2
messy	2
metacognitive	2
mindful	2
misleading	2
moot	2
near	2
newer	2
newest	2
news</a></li	2
noisy	2
numbered	2
operational	2
optimistic	2
organic	2
outbound	2
painful	2
passionate	2
personalized	2
philosophical	2
photographic	2
predefined	2
profound	2
prominent	2
proprietary	2
prosthetic	2
psychological	2
punitive	2
random	2
rational	2
reactive	2
rear	2
recorded	2
reluctant	2
repository	2
restrictive	2
resultant	2
rough	2
rural	2
savvy	2
scripted	2
searchable	2
seasoned	2
sensitive	2
shareable	2
sharper	2
simplified	2
sole	2
spatial	2
split	2
sprawling	2
stakeholders’	2
standalone	2
subtle	2
supervised	2
supplementary	2
synonymous	2
systemic	2
tacit	2
tempting	2
thin	2
tight	2
topical	2
tremendous	2
unanticipated	2
unaware	2
uncanny	2
uncertain	2
undercover	2
uninformative	2
unintended	2
unlimited	2
unprofessional	2
unstructured	2
untidy	2
uploaded	2
usual	2
vague	2
vended	2
viewable	2
viral	2
vital	2
vocabulary	2
widest	2
wild	2
wonderful	2
wooden	2
workplace	2
yellowstone	2
yslow	2
‘	2
“	2
#	1
0x08	1
0x65	1
0–100	1
11th	1
15th	1
16th	1
18th	1
2-point	1
21st	1
29th	1
3rd	1
46th	1
5-point	1
50th	1
60–90	1
74th	1
76th	1
9th	1
abrupt	1
absent	1
absolute	1
accidental	1
accountable	1
activist	1
adaptable	1
adaptive	1
addressable	1
adjacent	1
advance	1
advantageous	1
aesthetic	1
aforementioned	1
afraid	1
aggregate	1
align	1
alive	1
altered	1
amazed	1
ambient	1
ambiguous	1
american	1
amorphous	1
ample	1
amusing	1
anecdotal	1
annotated	1
annoying	1
answerable	1
apocalyptic	1
approximate	1
apron	1
arcane	1
arguable	1
ashamed	1
assigned	1
associated	1
associative	1
assumptive	1
asynchronous	1
authentic	1
authoritative	1
authorized	1
automate	1
averse	1
avoid	1
balanced	1
behavioral	1
bible	1
binary	1
blank	1
bloated	1
bookmyne+	1
boolean	1
boring	1
brave	1
breakdown	1
brighter	1
brightest	1
broadest	1
budgetary	1
busier	1
casual	1
cellular	1
centric	1
cheaper	1
cheapest	1
cheat	1
chi''04	1
chief	1
chinese	1
chronological	1
circular	1
click	1
closest	1
cloudlibrary	1
collected	1
collegial	1
color	1
comfy	1
commonplace	1
compatible	1
competitive	1
compile	1
complementary	1
compositional	1
comprehensible	1
computerized	1
conceive	1
concurrent	1
conditional	1
confident,’	1
conflicting	1
confrontational	1
connected	1
conscious	1
conservative	1
considerate	1
conspicuous	1
constituent	1
constrained	1
constructive	1
containable	1
continued	1
convergent	1
convinced	1
convoluted	1
cool	1
corporate	1
counter	1
courteous	1
create	1
credentialing	1
credible	1
csv	1
cumulative	1
data	1
days’	1
daytime	1
dead	1
deconstruct[s	1
definable	1
definitive	1
deflate	1
deliberate	1
delicate	1
demonstrative	1
desirous	1
devoted	1
diary	1
diminished	1
disappointing	1
discernable	1
disconnected	1
disinterest	1
disjointed	1
disorganized	1
dissimilar	1
distinctive	1
distinguish	1
distracted	1
divisional	1
diy	1
doable	1
document.createelement("input	1
document.getelementsbytagname("a	1
doi:10.1016/j.intcom.2010.05.002	1
doi:10.1146/annurev.an.13.100184.002511	1
drastic	1
dual	1
duplicate	1
durable	1
e.g.	1
eager	1
earliest	1
earnest	1
easel	1
east	1
echo	1
ecological	1
economic	1
editorial	1
editors’	1
egyptian	1
elaborate	1
elastic	1
elegant	1
embedded	1
empathic	1
empathy	1
enable	1
endless	1
enduring	1
enjoyable	1
enormous	1
ephemeral	1
erratic	1
eslamian	1
esoteric	1
ethic	1
ethical	1
ethnological	1
eventual	1
evident	1
evidentiary	1
evocative	1
exceptional	1
excessive	1
exciting	1
executive	1
existent	1
expand.grid(responseid	1
expected	1
experiential	1
express	1
extravagant	1
eyed	1
eyetracking	1
fabulous	1
faced	1
faceted	1
factual	1
fail	1
fake	1
famous	1
fantastic	1
fastest	1
faulty	1
featured	1
federal	1
fifth	1
flawed	1
flip	1
folksonomic	1
formative	1
forthcoming	1
fragmentary	1
fragmented	1
fraught	1
frequency—75	1
friendlier	1
full-	1
fullness	1
gateway’	1
generalizable	1
generous	1
genuine	1
german	1
giant	1
given	1
glad	1
glare	1
gold	1
grad	1
graded	1
granular	1
grayscale	1
greek	1
green	1
gross	1
guilty	1
half	1
handed	1
handmade	1
handwritten	1
haphazard	1
happier	1
harsh	1
herky	1
hesitant	1
hoboken	1
homegrown	1
homogenous	1
hopeful	1
hostile	1
http://bradfrost.com/blog/post/performance-as-design/	1
http://catalog.hathitrust.org/record/001661182	1
http://crl.acrl.org/content/77/1/51.full.pdf+html	1
http://dx.doi.org/10.3998/weave.12535642.0001.101	1
http://dx.doi.org/10.3998/weave.12535642.0001.103	1
http://uxpamagazine.org/sustified/	1
http://webaim.org/techniques/hypertext/link_text	1
http://www.imgopt.com/.	1
http://www.telize.com/geoip/153.90.170.5?callback=getgeoip	1
https://archive.ifla.org/vi/5/op/udtop8/udt-op8.pdf	1
https://developer.yahoo.com/performance/rules.html#num_http	1
https://doi.org/10.1108/02640471111177099	1
https://www.nngroup.com/articles/top-10-mistakes-web-design/	1
https://www.ofcom.org.uk/consultations-and-statements/category-1/accessservs/summary	1
https://www.researchgate.net/profile/jim_jansen/publication/222824696_determining_the_	1
https://www.theatlantic.com/magazine/archive/1945/07/as-we-may-think/303881/	1
i++	1
identifier	1
ifla	1
imminent	1
imperative	1
imperfect	1
implicit	1
impractical	1
impressive	1
impromptu	1
inaugural	1
inbound	1
incapable	1
incoming	1
incorporate	1
increased	1
incremental	1
incumbent	1
indexed	1
indispensable	1
individualized	1
inert	1
inevitable	1
inner	1
input.setattributenode(valueattribute	1
insatiable	1
insensitive	1
inside	1
insistent	1
insoluble	1
inspirational	1
inspiring	1
installable	1
insurmountable	1
interim	1
intermediary	1
intersectional	1
intractable	1
inventive	1
invisible	1
isolatable	1
isolating	1
italic	1
jargon	1
jewish	1
journalistic	1
journey	1
knowledgebase	1
laminated	1
laudable	1
leading	1
legal	1
legislative	1
legitimate	1
lesser	1
lifelong	1
lived	1
logistical	1
lonely	1
louder	1
low-	1
lower	1
lunchtime	1
mad	1
manifest	1
manual	1
marginalized	1
marked	1
markup	1
mathematical	1
mature	1
maximum	1
meaningless	1
mechanistic	1
mere	1
meticulous	1
metric	1
millennial	1
moderate	1
modifier	1
monetary	1
monochromatic	1
monstrous	1
months’	1
moral	1
muddled	1
multilingual	1
multivariate	1
myriad	1
n=25	1
narrower	1
nas	1
nattawan@email.arizona.edu	1
naturalistic	1
navigable	1
navigate	1
navigating	1
nearest	1
nervous	1
net	1
neutral	1
noble	1
node	1
noisier	1
nonexistent	1
nonfunctional	1
nonpunitive	1
normalized	1
normalizing	1
north	1
nuanced	1
oblivious	1
obsolete	1
officious	1
ok	1
okay	1
oldest	1
onsite	1
opaque	1
operandi	1
operative	1
opposite	1
oral	1
orient	1
out	1
outdoor	1
outlying	1
outstanding	1
overcrowded	1
overlapped	1
overlapping	1
panoptic	1
par	1
para	1
parallel	1
paramount	1
parse	1
partial	1
participatory	1
patrons’	1
pedagogical	1
perennial	1
periodic	1
personable	1
persuasive	1
pet	1
pleasurable	1
plus	1
podcast	1
poignant	1
polaine	1
polished	1
portable	1
positional	1
practiced	1
pragmatic	1
precarious	1
precise	1
preferable	1
prescribed	1
prescriptive	1
pretty	1
prevalent	1
printed	1
privileged	1
programmatic	1
progressive	1
prohibitive	1
promising	1
prompt	1
pronged	1
proposed	1
prototyped	1
proud	1
proverbial	1
proxied	1
proxy	1
psst	1
psychometric	1
purdue	1
purposeful	1
puzzled	1
quantifiable	1
quicker	1
quieter	1
quietest	1
quietness	1
rapid	1
rare	1
reactionary	1
readable	1
receptive	1
recursive	1
reflexive	1
removed	1
renovated	1
repetitive	1
requisite	1
reserved	1
residual	1
respondent	1
respondents’	1
restless	1
retrieved	1
revised	1
rewarding	1
rhetorical	1
rid	1
riper	1
ripple	1
robust	1
round	1
routine	1
safe	1
safer	1
satisfying	1
scaffolded	1
scalable	1
scan	1
scarce	1
scoped	1
seasonal	1
sequential	1
serendipitous	1
server	1
sheer	1
shhhhhhhhhhh	1
shiny	1
showstopper	1
simpler	1
situational	1
skeptical	1
skewed	1
skilled	1
skim	1
sleek	1
slight	1
sluggish	1
smallest	1
smarter	1
smoothest	1
sociological	1
sound	1
spaced	1
spare	1
sparse	1
spiral	1
spoken	1
spontaneous	1
spotty	1
square	1
squeaky	1
squirrel	1
src="meta	1
staffing	1
stale	1
starter	1
stated	1
statewide	1
stealthy	1
stellar	1
stiff	1
stitz	1
straight	1
strict	1
strongest	1
strsplit	1
strtok($query	1
structural	1
strung	1
stuck	1
subscribed	1
sudden	1
suitable	1
summative	1
sunny	1
suspect	1
suspicious	1
sweet	1
swift	1
symbiotic	1
systemwide	1
tabular	1
talented	1
targeted	1
taxonomic	1
tech	1
terrible	1
testable	1
thankful	1
therapeutic	1
thick	1
thorny	1
thriving	1
tired	1
tiresome	1
tolerant	1
transactional	1
transferable	1
transformational	1
treat	1
tying	1
ugh	1
unacceptable	1
unaccustomed	1
unaltered	1
unapologetic	1
unappealing	1
unattainable	1
unavoidable	1
unchanged	1
uncommon	1
undergraduates’	1
underpowered	1
underutilized	1
undesirable	1
unfinished	1
unformatted	1
unhelpful	1
uninterrupted	1
unintimidating	1
unnatural	1
unnerved	1
unobtrusive	1
unorganized	1
unproven	1
unreadable	1
unrecognizable	1
unrecognized	1
unreliable	1
unrepresentative	1
unrequested	1
unseen	1
unstuck	1
unsuitable	1
unsupervised	1
unsure	1
untested	1
untouched	1
unusable	1
unusual	1
unwelcoming	1
unwinnable	1
unwritten	1
upset	1
urban	1
user_experience_design/.	1
uts	1
utslibrary	1
variable	1
variant	1
verbal	1
vexing	1
visionary	1
visualizing	1
vivid	1
voluntary	1
vulgar	1
wary	1
wasteful	1
waterfall	1
weak	1
west	1
whither	1
wholesale	1
wireless	1
wise	1
worldwide	1
worried	1
worst	1
worthy	1
www.lib.montana.edu/index.php	1
yellow	1
–ed	1
