bigram	frequency
user experience	394
usability testing	157
library user	115
library website	111
et al	82
ab testing	79
michigan publishing	74
quick search	74
creative commons	74
commons attribution	74
digital library	71
attribution license	71
service design	69
library staff	57
state university	50
digital libraries	50
library websites	49
user research	48
web performance	47
usability tests	45
library homepage	45
public library	44
academic libraries	43
httpdxdoiorg weave	43
volume issue	40
doi httpdxdoiorg	40
experience professionals	39
editorial board	38
michigan library	38
main content	38
space use	38
contact log	37
citation information	37
experience weave	37
issue vol	37
details including	37
share twitter	37
license permissions	37
openaccess peerreviewed	37
design process	37
print share	37
michigan publishings	37
undergraduate students	37
reddit mendeley	37
board editorial	37
email rss	37
philosophy contact	37
weave creative	37
contact mpubhelpumichedu	37
policy print	37
current issue	37
issue archive	37
download epubs	37
urls doi	37
facebook reddit	37
library issn	37
peerreviewed journal	37
editorial philosophy	37
information volume	37
follow us	37
license please	37
university libraries	37
information read	37
content skip	37
twitter email	37
including permanent	37
issue doi	37
global navigation	37
please contact	37
publishing quick	37
doi citation	37
usage policy	37
page hosted	37
professionals published	37
publishings access	37
read michigan	37
twitter facebook	37
archive download	37
search current	37
vol issue	37
epubs submit	37
permanent urls	37
us twitter	37
search skip	37
navigation journal	37
design team	35
usability team	35
pagespeed insights	35
academic library	35
information literacy	35
library web	33
user behavior	33
digital collections	33
anticipatory design	33
ux work	32
special collections	31
web team	30
use data	30
system usability	29
library users	28
page weight	28
new york	27
ux research	26
performance enhancement	25
case study	25
library space	25
research libraries	25
web page	24
data collection	24
user needs	23
google analytics	23
website usability	23
library spaces	23
http requests	23
usability scale	23
allowed us	22
search box	22
better understand	22
graduate students	22
staff members	21
web design	21
web librarianship	21
floor maps	21
web usability	21
study rooms	21
access plus	20
interlibrary loan	20
information science	20
reference services	20
usability test	20
enhancement plan	20
usability studies	20
library design	20
digital archives	19
grand valley	19
physical web	19
research guides	19
focus groups	19
web analytics	19
library instruction	18
make sure	18
physical library	18
library catalog	18
uts library	18
web development	18
library services	18
web browser	17
testing data	17
digital history	17
librarys website	17
group study	16
information architecture	16
user feedback	16
history collections	16
testing process	16
term digital	16
library information	16
reference desk	16
help us	16
best practices	15
usercentered design	15
library ux	15
management system	15
physical spaces	15
sus scores	15
digital content	15
website redesign	15
data analysis	15
peer reviewers	15
sampling bias	15
participatory design	15
ab test	15
weaves peer	15
services quarterly	15
card sorting	15
design decisions	15
community members	15
usability skills	15
social media	14
physical space	14
page load	14
many libraries	14
borsci et	14
university library	14
see fig	14
user expectations	14
research methods	14
website design	14
design thinking	13
research question	13
score increased	13
library resources	13
users may	13
public libraries	13
user interface	13
library science	13
content management	13
user testing	13
library collections	13
card sort	13
new library	13
web pages	13
search engines	12
literature review	12
decision making	12
figure histogram	12
alt text	12
usability teams	12
search query	12
experience work	12
users experience	12
web content	12
data mining	12
public librarians	12
undergraduate student	12
collections digital	12
experience design	12
dialog box	12
discovery layer	12
academic librarianship	12
search results	12
example usage	12
insights score	12
figure screenshot	12
research techniques	12
experience librarian	12
yslow score	12
static site	11
library digital	11
ethnographic research	11
library signage	11
web services	11
case studies	11
local public	11
user satisfaction	11
usage ensuring	11
pure research	11
design research	11
working group	11
public services	11
search mechanics	11
design principles	11
student workers	11
development process	11
end users	11
fig figure	11
library system	11
sus score	10
helped us	10
research questions	10
library association	10
library anxiety	10
usability study	10
services review	10
electronic resources	10
weave journal	10
clickthrough rate	10
load time	10
team members	10
prototype website	10
persona development	10
search interface	10
higher education	10
reviewers abstract	10
user groups	10
web site	10
discovery tool	10
will help	10
university skip	10
archives digital	10
study room	10
experiment design	10
website homepage	10
call number	10
design ethnography	9
mobile devices	9
ux moment	9
user interviews	9
services librarian	9
usability principles	9
content strategy	9
collection development	9
plus days	9
erin white	9
first step	9
research projects	9
literacy teaching	9
landing page	9
things like	9
research project	9
heidi steiner	9
steiner burkhardt	9
category title	9
library administration	9
college research	9
eric larson	9
information technology	9
user experiences	9
entire library	9
history class	9
studies retrieved	9
ux projects	9
memorial university	9
ux team	9
search tools	9
usu library	9
experience research	9
times per	9
search act	9
cultural heritage	9
georgina cronin	8
wait times	8
website homepages	8
time intensive	8
percent kb	8
starting point	8
staff member	8
space ux	8
desirability bias	8
users needs	8
simmons college	8
north carolina	8
lewis et	8
ethnographic methods	8
qualitative data	8
carolina state	8
persona creation	8
performance rules	8
ab tests	8
social desirability	8
graduate student	8
building trust	8
user data	8
rebecca blakiston	8
survey respondents	8
quantitative data	8
nichols et	8
general undergraduate	8
natural language	8
search interfaces	8
many users	8
library undergraduate	8
will also	8
useful usable	8
library literature	8
library app	8
course reserves	8
main library	8
usabilitygov nd	8
protopersona figure	8
make sense	8
ethnographic approaches	8
rooms spaces	8
speed index	8
search engine	8
library journal	8
user first	8
american library	8
ux thinking	8
different types	8
user behaviors	8
study space	8
library systems	8
international journal	8
meet user	8
journal retrieved	7
library experience	7
operating system	7
weave editor	7
library service	7
reply cards	7
institutional repository	7
team will	7
faculty members	7
data gathered	7
css file	7
occupancy rate	7
http header	7
makes sense	7
new website	7
users interact	7
utah state	7
data sources	7
information overload	7
usage data	7
digital collection	7
comment box	7
skills throughout	7
signage audit	7
research study	7
us better	7
engineering mathematics	7
think aloud	7
lib journal	7
bangor et	7
college library	7
code lib	7
humancentered design	7
service delivery	7
browser caching	7
user personas	7
web sites	7
high engagement	7
broad range	7
native app	7
plus year	7
jennifer anderson	7
experience team	7
norlin library	7
collecting data	7
san francisco	7
new services	7
librarianship doi	7
norman group	7
large number	7
many ways	7
even though	7
discovery tools	7
gather data	7
may also	7
th percentile	7
books media	7
teaching practices	7
regional campus	7
mental models	7
undergraduate research	7
per day	7
responsive website	7
collecting space	7
one another	7
commonly used	7
library guides	7
allows us	7
improving library	7
pain points	7
user type	7
openended questions	7
home page	7
applied research	7
branch library	7
survey questions	7
data collected	6
tabbed layout	6
may wish	6
easel prompts	6
applying ethnography	6
content strategist	6
information resources	6
big picture	6
content creators	6
user preferences	6
great deal	6
online content	6
al note	6
one person	6
model license	6
usable desirable	6
libraries journal	6
subject librarians	6
wayfinding signage	6
collected data	6
building buyin	6
library homepages	6
humancomputer interaction	6
thinkaloud test	6
discovery service	6
libraries may	6
perceived usability	6
reed college	6
interviewer bias	6
reduced page	6
libraries skip	6
two years	6
demographic information	6
library hours	6
looks like	6
regular basis	6
retrieved april	6
web designers	6
improve user	6
known ux	6
years ago	6
library building	6
learning spaces	6
ux principles	6
library jargon	6
foster gibbons	6
valley state	6
group work	6
libraries applying	6
right now	6
international conference	6
chicago american	6
science research	6
accessibility statement	6
interface design	6
category page	6
qr codes	6
large amount	6
information structures	6
site generators	6
research process	6
style guide	6
mobile app	6
condit fagan	6
cambridge university	6
matthew reidsma	6
assistive software	6
research program	6
homepagereturn rate	6
montana state	6
enable compression	6
strongly agree	6
rating scale	6
digital services	6
user input	6
studying students	6
redesign project	6
speaker codes	6
journey mapping	6
performance metrics	6
search boxes	6
silent floor	6
variation services	6
service ecology	6
access points	6
ux design	6
user community	6
appalachian state	6
different ways	6
usability data	6
skills among	6
practical guide	6
important number	6
novice researcher	6
third floor	6
search user	6
students use	6
discovery system	6
qualitative research	6
instruction librarians	6
population digital	6
new content	6
test participants	6
two different	6
openended question	6
information services	6
space assessment	6
users library	6
card sorts	6
least important	6
collections library	6
much easier	6
lessons learned	6
many students	6
users will	6
group member	6
web committee	6
whats going	6
world wide	6
available online	6
stephen francoeur	6
wayne state	5
monthly website	5
usability work	5
teaching librarians	5
point scale	5
allows users	5
touch points	5
bias medium	5
sample sizes	5
amanda etches	5
time period	5
dropoff rate	5
scale sus	5
web server	5
fig library	5
psu library	5
page content	5
anticipatory systems	5
user population	5
days expiresbytype	5
several participants	5
crazy egg	5
better meet	5
licensed content	5
will continue	5
iterative design	5
descriptive coding	5
survey results	5
different library	5
dont think	5
whenever possible	5
libraries retrieved	5
uts librarys	5
much time	5
performance budget	5
collections archives	5
university librarian	5
job duties	5
allowing us	5
customer journey	5
library environment	5
content accessible	5
article search	5
eliminate renderblocking	5
scale steps	5
collect data	5
user communities	5
recent years	5
google search	5
affinity diagramming	5
bottom line	5
read online	5
wide web	5
beautiful questions	5
allow users	5
pp acm	5
york public	5
add expires	5
transaction summaries	5
load times	5
ad hoc	5
search ux	5
path length	5
sounds like	5
computer science	5
results page	5
around user	5
website location	5
library search	5
free web	5
library patrons	5
stacks staff	5
li et	5
minify html	5
different variations	5
look like	5
site generator	5
performance gains	5
subject guides	5
chicago ala	5
google pagespeed	5
access services	5
management systems	5
gathering data	5
child code	5
devils advocate	5
floor map	5
user interfaces	5
web teams	5
making sure	5
print materials	5
ux ideas	5
biggest challenges	5
make connections	5
internet reference	5
web accessibility	5
overall user	5
search prototype	5
will likely	5
user engagement	5
machine cues	5
kent district	5
searching culture	5
firstclick testing	5
speed matters	5
target users	5
usability evaluation	5
prototype ab	5
ux problems	5
experience using	5
strategic plan	5
also include	5
time consuming	5
technology agnostic	5
two people	5
based metrics	5
designthinking approach	5
server log	5
strongly disagree	5
terms like	5
optimize images	5
target audience	5
also allows	5
using library	5
tell us	5
undercover user	5
term library	5
bluetooth beacons	5
web librarian	5
visual design	5
year expiresbytype	5
online catalog	5
now know	5
kavanagh webb	5
iterative process	5
label digital	5
student needs	5
standing usability	5
collection ribbon	5
ip address	5
library collection	5
allow us	5
group members	5
libqual survey	5
harvard business	5
student experience	5
usability metric	5
one participant	5
many different	5
learning management	5
many library	5
data set	5
space design	5
best practice	5
total number	5
united states	5
design teams	5
less time	5
circulation staff	5
two weeks	5
wide range	5
user interaction	5
work within	5
district library	5
first two	5
soft seats	5
users access	5
provide information	5
link text	5
collections materials	5
grudniewicz et	5
personal experience	5
new discovery	5
many signs	5
az list	5
fig experiment	5
online resources	5
library world	5
renderblocking javascript	5
service desk	4
survey tools	4
help make	4
applying user	4
task completion	4
print copy	4
credibility buyin	4
test results	4
background information	4
space analysis	4
already know	4
visually complete	4
may benefit	4
catalog search	4
design model	4
data gathering	4
continuous design	4
three questions	4
clickthrough rates	4
thematic codes	4
digitized materials	4
cognitive load	4
ethnographic approach	4
ala editions	4
box takeaways	4
research repository	4
institutional context	4
magazine retrieved	4
understand user	4
coffee shop	4
ux ethnography	4
keep track	4
darien library	4
figure theoretical	4
services eg	4
users might	4
content organization	4
assessment program	4
three times	4
search interaction	4
indiana university	4
yslow scores	4
techniques techniques	4
users making	4
varying degrees	4
nielsen norman	4
dont want	4
descriptive codes	4
rotating membership	4
first impression	4
users time	4
many organizations	4
shortterm projects	4
gave us	4
website will	4
library employees	4
direct observation	4
value within	4
job description	4
global variables	4
dont know	4
meaningful changes	4
live ab	4
knowledge discovery	4
better signage	4
intensive bias	4
improve student	4
spend time	4
user base	4
digitized archival	4
chris gaul	4
persona project	4
aaron schmidt	4
usercentered approach	4
assess user	4
using electronic	4
responsive web	4
figure shows	4
business review	4
different stages	4
id like	4
also found	4
berkeley ca	4
holistic approach	4
move forward	4
research methodology	4
return chutes	4
lowbarrier solutions	4
will contain	4
important factor	4
weave digital	4
adjective rating	4
also offer	4
fig variation	4
pete coco	4
query analysis	4
help users	4
permanent group	4
library location	4
library community	4
libraries share	4
perpetual beta	4
design needs	4
determine user	4
learning space	4
firstyear students	4
advanced phases	4
low engagement	4
digitized collections	4
contextual bits	4
search cases	4
come back	4
choosing sets	4
question asked	4
information processing	4
kim wu	4
using static	4
internal stakeholders	4
work closely	4
make changes	4
highest score	4
also provides	4
sauro lewis	4
user services	4
task analysis	4
several months	4
mendeley introduction	4
every library	4
computers doi	4
dont understand	4
experience within	4
wwwlibmontanaeduindex php	4
noise levels	4
every day	4
improve usability	4
team may	4
users personas	4
pie chart	4
student culture	4
site redesign	4
working together	4
distance education	4
techniques resource	4
permanent usability	4
also important	4
contact information	4
student assistant	4
beautiful question	4
printed signs	4
focus group	4
journal schmidt	4
complete picture	4
search experience	4
research within	4
theoretical example	4
bias interviewer	4
experiment clickthrough	4
actively collaborating	4
guerrilla usability	4
single individual	4
determine whether	4
minify css	4
participants demonstrated	4
reviewers introduction	4
value statement	4
development team	4
nonpeak times	4
many participants	4
noise level	4
library sweeps	4
youd like	4
get feedback	4
web developers	4
feel like	4
minify javascript	4
redesign process	4
libraries httpdoiorg	4
will make	4
commercial search	4
measuring usability	4
users often	4
library communications	4
sitting together	4
new riders	4
design project	4
physics library	4
inform persona	4
online information	4
technology libraries	4
language question	4
web traffic	4
ux project	4
percentile equivalent	4
last time	4
godfrey kavanagh	4
primary user	4
understanding users	4
discovery centre	4
ux designer	4
website content	4
library teaching	4
usability problems	4
virtual spaces	4
new community	4
digital materials	4
database az	4
positive user	4
every time	4
critical tasks	4
student population	4
libraries weave	4
different levels	4
archival materials	4
work together	4
quantitative user	4
contextual inquiry	4
gives us	4
collection management	4
bias credibility	4
search queries	4
umux umuxlite	4
individual study	4
small changes	4
survey data	4
ca new	4
persona types	4
users expect	4
student worker	4
vast majority	4
within libraries	4
service providers	4
programming language	4
better understanding	4
much like	4
montclair state	4
followup questions	4
log data	4
new ideas	4
cultural institutions	4
total reviewed	4
terms used	4
understanding user	4
using headings	4
college libraries	4
ux methods	4
website report	4
experience doi	4
click data	4
connection speeds	4
important user	4
recommended research	4
library engagement	4
online collections	4
organizational culture	4
asher miller	4
ux community	4
best way	4
mobile device	4
ux problem	4
basic personas	4
file size	4
also felt	4
testing principles	4
integrated ux	4
network connections	4
test users	4
panel part	4
tabbed search	4
usability issues	4
access issues	4
ux issues	4
information behavior	4
larger group	4
eds studying	4
make informed	4
insights scores	4
reference user	4
design methodology	4
three minutes	4
ux assessment	4
fewer http	4
html file	4
user populations	4
design group	4
digital panel	4
technology sydney	4
student employees	4
connect learn	4
new information	4
also used	4
possible solutions	4
draft personas	4
small sample	4
usus special	4
comment boxes	4
current user	4
next step	4
ask questions	4
central research	4
academic research	4
provided us	4
andy priestner	4
research team	4
testing participants	4
intangible tangible	4
analysis software	4
group will	4
paper survey	4
good design	4
eye level	4
real users	4
intention mining	4
screen readers	4
assessment librarian	4
us identify	4
craig macdonald	4
library work	4
highest performing	4
testing library	4
conducting usability	4
survey software	4
expires headers	4
carleton university	4
thought processes	3
development staff	3
part one	3
total redesign	3
use cases	3
different disciplines	3
first major	3
systems design	3
steps required	3
yes social	3
systems librarian	3
create new	3
signage system	3
will look	3
monthly report	3
may need	3
tool like	3
beside windows	3
entity tags	3
will use	3
find online	3
student protopersona	3
assistive technology	3
figure section	3
using query	3
ux assessments	3
group retrieved	3
traditional undergraduate	3
using excel	3
online environments	3
participatory action	3
pattern match	3
small amount	3
asking questions	3
alternative ux	3
mapping exercise	3
library materials	3
yslow fig	3
last year	3
real people	3
ongoing user	3
page loads	3
easy way	3
will detail	3
library policy	3
floor figure	3
new signage	3
iterative ux	3
short chapters	3
social activity	3
spaces versus	3
stickdorn schneider	3
pruitt adlin	3
usability design	3
design choice	3
may find	3
two groups	3
abovethefold content	3
diy usability	3
add money	3
know chicago	3
using personas	3
good search	3
libraries implement	3
used throughout	3
easily accessible	3
yellowstone national	3
librarys online	3
australian academic	3
example one	3
basic information	3
support systems	3
version figure	3
systems services	3
student feedback	3
go beyond	3
idema pew	3
library school	3
community member	3
taking place	3
actually helps	3
projects done	3
user interactions	3
query set	3
ethnographish projects	3
editor matthew	3
using google	3
key role	3
word digital	3
bell systems	3
datadriven decisions	3
libraries however	3
artistinresidence chris	3
couple years	3
ivy plus	3
potential solution	3
analysis method	3
ux techniques	3
website analytics	3
mobile users	3
one html	3
wide variety	3
intentions behind	3
learn help	3
teaching librarian	3
paper will	3
facilities manager	3
longer period	3
http archive	3
experience issues	3
conducting user	3
ux questions	3
helping us	3
article will	3
also notes	3
first glance	3
water fountains	3
suggestshow facets	3
global system	3
performance optimization	3
webb et	3
ux sessions	3
reference transaction	3
javascript files	3
library quarterly	3
improving wayfinding	3
service desks	3
collaborative design	3
will lead	3
accessibility guidelines	3
evaluation process	3
learning experience	3
services department	3
tools like	3
user survey	3
pew library	3
faculty member	3
services including	3
usercentered research	3
use library	3
key measures	3
dc council	3
master document	3
ux researcher	3
one way	3
useful way	3
digital divide	3
highscoring rules	3
different terms	3
computational analysis	3
indepth interviews	3
epub file	3
css resources	3
kennedy library	3
search interactions	3
attribution international	3
improved user	3
user studies	3
sydney australia	3
signage reference	3
fine tune	3
good user	3
book club	3
group like	3
descriptive links	3
peak times	3
will find	3
survey instrument	3
provide insight	3
usable website	3
great start	3
libraries table	3
personas provide	3
secondary data	3
might look	3
library professionals	3
job loss	3
static prototypes	3
users perceptions	3
clearly visible	3
annual calendar	3
query string	3
information systems	3
scores produced	3
librarys resources	3
less visible	3
plus libraries	3
minnesota libraries	3
washington dc	3
ive found	3
usu libraries	3
design retrieved	3
optimization focusing	3
courtney greene	3
high impact	3
increasing popularity	3
khoo rozaklis	3
changes weave	3
color contrast	3
ongoing basis	3
move towards	3
bias hall	3
nina simon	3
librarians role	3
measure things	3
students may	3
student perspective	3
odd questions	3
common printed	3
wu lanclos	3
average page	3
library environments	3
quantity based	3
sigkdd international	3
may result	3
regression formula	3
representative sample	3
filter failure	3
grassroots ux	3
help shape	3
like archives	3
fagan et	3
biographical information	3
writing citing	3
also made	3
insights fig	3
various stakeholders	3
groups actively	3
catalog interface	3
delivery model	3
point likert	3
one area	3
study presented	3
meaningful results	3
implement changes	3
understandingthinking phase	3
library including	3
openended feedback	3
bluetooth low	3
clear winner	3
bias high	3
visual aids	3
observational research	3
students navigate	3
pm pm	3
designthinking process	3
user environment	3
library research	3
california digital	3
reference questions	3
guides refworks	3
library foyer	3
foster foster	3
make things	3
average sus	3
ive spoken	3
dont need	3
inperson usability	3
positive impact	3
reply card	3
figure front	3
large academic	3
design reference	3
help determine	3
seat sweeps	3
static websites	3
standing committee	3
experiment variations	3
research guide	3
also identified	3
questions like	3
users search	3
search research	3
multiple times	3
accessing resources	3
really matter	3
member protopersona	3
mostly full	3
conference proceedings	3
will require	3
thinking scale	3
directional signage	3
content delivery	3
one persons	3
paper demonstrates	3
figure figure	3
time studying	3
end goals	3
clear goals	3
design element	3
city university	3
specialized software	3
find materials	3
student participant	3
also noted	3
poor user	3
need help	3
participants reported	3
accessible websites	3
ux space	3
different formats	3
mobile web	3
decision support	3
usability lowbarrier	3
especially important	3
enough research	3
rozaklis hall	3
library chicago	3
comparative usability	3
initial data	3
weaveux tweetposium	3
data point	3
may work	3
raw data	3
usercentered library	3
sampling techniques	3
library discovery	3
participants suggested	3
collaborative work	3
cookiefree domains	3
regarding physical	3
actual users	3
different versions	3
virginia commonwealth	3
trello board	3
personas retrieved	3
making notes	3
little opportunity	3
research services	3
dedicated user	3
broad user	3
made easy	3
new user	3
data entry	3
general literature	3
might include	3
better inform	3
page loading	3
inlibrary marketing	3
purdue university	3
comparative approach	3
recommend starting	3
using different	3
web librarians	3
search behaviors	3
sus may	3
encore search	3
michael schofield	3
might also	3
yale university	3
greene mcdonald	3
less likely	3
encore discovery	3
national park	3
enabled us	3
visual content	3
much research	3
journal articles	3
bounce rate	3
php variation	3
service blueprint	3
told us	3
long time	3
several rounds	3
web presence	3
help services	3
information need	3
practical advice	3
add value	3
worked together	3
student users	3
library provides	3
book review	3
also wanted	3
also use	3
ux process	3
even without	3
likert scale	3
use cookiefree	3
spend less	3
per year	3
several members	3
library renovations	3
quantitative methods	3
cheng library	3
advisory committee	3
much information	3
design studies	3
using global	3
library apps	3
ten minutes	3
also provide	3
information design	3
quarterly httpdoiorg	3
window seats	3
desirable applying	3
find information	3
experience ux	3
lessons library	3
received feedback	3
research area	3
just one	3
final product	3
assignment requirements	3
discovery platform	3
survey participants	3
build buyin	3
oneonone assistance	3
mediumscoring rules	3
cal state	3
small set	3
news sources	3
score yslow	3
acm sigkdd	3
san bernardino	3
illinois academic	3
academic work	3
cache valley	3
information seeking	3
will get	3
prior experience	3
website navigation	3
gather information	3
client ip	3
gained via	3
valuable information	3
group identified	3
international license	3
users understand	3
get started	3
new methods	3
actual user	3
offer users	3
resources online	3
may help	3
sus data	3
end goal	3
will discuss	3
just enough	3
digitized cultural	3
website visitors	3
equals points	3
carrel space	3
catalog eresources	3
processing management	3
sticky notes	3
nielson norman	3
new ones	3
inperson user	3
current website	3
greater degree	3
management software	3
journals az	3
will take	3
performance evaluation	3
made clear	3
performance issues	3
help illustrate	3
users level	3
making content	3
participant expressed	3
users find	3
content creation	3
page resources	3
first time	3
conceptual model	3
research methodologies	3
rule based	3
design changes	3
caching eliminate	3
five laws	3
thinkaloud sessions	3
youre able	3
reference librarians	3
moving beyond	3
chicago association	3
successfully completed	3
google forms	3
research data	3
document creation	3
student behavior	3
new book	3
make use	3
web skills	3
performance dataset	3
web application	3
different points	3
librarianship httpdoiorg	3
web ux	3
gather feedback	3
integral component	3
singleitem scales	3
specific usability	3
scored based	3
lean ux	3
provide quantitative	3
websites homepage	3
electronic survey	3
local context	3
service points	3
technical services	3
mary idema	3
qualitative methods	3
single carrels	3
key element	3
menu item	3
less popular	3
middle ground	3
time commitment	3
interviewer speech	3
site journal	3
assistant director	3
key metrics	3
digital initiatives	3
ux information	3
state san	3
ux department	3
silent study	3
wheaton college	3
ease question	3
persona documents	3
library culture	3
network cdn	3
experience projects	3
higher score	3
testing also	3
research applied	3
key aspect	3
individual use	3
design approach	3
data summaries	3
american society	3
like many	3
passed rules	3
ux librarian	3
librarian grand	3
good deal	3
useful starting	3
one week	3
content decisions	3
also included	3
performance rule	3
experience thinking	3
experience designer	3
santa cruz	3
experience librarians	3
hierarchical task	3
institutional support	3
data source	3
karolinska institutet	3
chat transcripts	3
weave reached	3
specific issues	3
didnt know	3
testing using	3
using screen	3
participants also	3
similar project	3
least thats	3
retrieval system	3
well documented	3
brown bag	3
ptst student	3
help validate	3
weight percent	3
institutional branding	3
design allows	3
team works	3
users face	3
us improve	3
scoring errors	3
digital special	3
testing results	3
consistent voice	3
new digital	3
also available	3
user agent	3
quick usability	3
librarys homepage	3
attribute clusters	3
ux studies	3
wed like	3
researchers may	3
agnostic tool	3
figure new	3
experience finding	3
number signage	3
also vary	3
henry ford	3
library locations	3
via ethnography	3
quiet study	3
new ways	3
also help	3
research httpdoiorg	3
student preferences	3
possible activities	3
app store	3
ux approaches	3
services divisions	3
recommend using	3
research needs	3
static prototype	3
develop empathy	3
mobile user	3
zhang et	3
personal connection	3
usability challenges	3
ebook value	3
include usability	3
million visits	3
measuring perceived	3
performance standards	3
day using	3
members reviewed	3
preferred terms	3
daniel dollar	3
people feel	3
writing web	3
transactions tagged	3
basic questions	3
library products	3
mining pp	3
graphic design	3
irb protocol	3
others work	3
th acm	3
guerilla testing	3
users expectations	3
information available	3
consider fixing	3
asked participants	3
httpsjournalcode liborgarticles	3
online search	3
reverse category	3
factors affecting	3
dont worry	3
library contexts	3
library many	3
libraries web	3
online users	3
two interfaces	3
thinkaloud protocol	3
particularly relevant	3
controlled experiments	3
academic institutions	3
implement meaningful	3
portland state	3
dare us	3
identify specific	3
library departments	3
may want	3
previously noted	3
polaine et	3
one thing	3
questions asked	3
eye tracking	3
user group	3
give us	3
advancedproficient researcher	3
making assumptions	3
share stories	3
section well	3
duke asher	3
performance enhancements	3
three key	3
web retrieved	3
search terms	3
problem solving	3
reduce http	3
busy librarian	3
two kinds	3
important information	3
activity space	3
great library	3
might find	3
fulltime ethnographers	3
delivery network	3
feel comfortable	3
thinkaloud tests	3
closed card	3
francisco public	3
deeper understanding	3
ux success	3
andrew asher	3
image files	3
label choices	3
survey design	3
six months	3
layout complexity	3
information using	3
personal information	3
chat reference	3
five scale	3
library communication	3
experience interacting	3
library skip	3
performing variation	3
participant id	3
informed design	3
ultimate impression	3
library study	3
rules scored	3
york times	3
ux students	3
donna lanclos	3
power strips	3
catalog databases	3
testing questions	3
mental model	3
percent increase	3
servernamelength servername	3
american libraries	3
participants selected	3
website performance	3
na expandeddf	3
still need	3
library divisions	3
ux practice	3
rocket surgery	3
became clear	3
category test	3
contextual information	3
library practice	3
diagnostic tools	3
lowscoring rules	3
initial facets	3
website engagement	3
iterative approach	3
ethnography projects	3
right away	3
room use	3
users perspective	3
library conferences	3
tab will	3
biographical details	3
heat maps	3
compress components	3
complete list	3
important aspect	3
commonwealth university	3
find ways	3
phase one	3
get us	3
part two	3
libraries ux	3
coffee shops	3
reidsma web	3
next section	3
doi jintcom	3
participant speech	3
librarianship retrieved	3
digital objects	3
new perspectives	3
surgery made	3
low energy	3
detailed information	3
quick answers	3
limited number	3
engine results	3
larger groups	3
users want	3
high school	3
broad set	3
ebook platform	3
network connection	3
number ranges	3
qualtrics survey	3
students asking	3
go along	3
variation help	3
similar results	3
libraries recently	3
usability llc	3
electronic library	3
single ease	3
team also	3
tested rather	3
ux teams	3
topic headings	3
students faculty	3
users see	3
extremely useful	3
training sessions	3
staff time	3
collect user	3
make fewer	3
make decisions	3
great way	3
figure grand	3
will work	3
good ux	3
library areas	3
common language	3
three groups	3
grading structure	3
business model	3
mendeley abstract	3
action research	3
paper prototyping	3
across campus	3
distance users	3
worked well	3
like google	3
fictional details	2
guides figure	2
bias sampling	2
another coming	2
resource compression	2
also essential	2
performance benchmarking	2
strategic planning	2
dent lym	2
preferences fox	2
libraries adopt	2
small gift	2
thesis binding	2
different locations	2
minimal disruption	2
coding tree	2
duties duties	2
best user	2
poststudy questionnaires	2
will provide	2
single point	2
student developers	2
mathematics physics	2
telephone sets	2
however many	2
observation phase	2
longterm projects	2
another time	2
horse quote	2
asked followup	2
dlib magazine	2
homepage analytics	2
inferred aspects	2
information practice	2
hoc projects	2
sauro also	2
content must	2
four different	2
redesigned version	2
specific questions	2
real object	2
scale journal	2
sus questionnaire	2
test numerous	2
data using	2
web architect	2
ux across	2
first ux	2
central tendency	2
website practical	2
usability ratings	2
allows skills	2
homepage weight	2
users whose	2
indicates better	2
uc systemwide	2
daily work	2
disagree somewhat	2
page performance	2
hrefindexphpviewnewsnewsali lia	2
staff feedback	2
always allow	2
printed education	2
subscription services	2
themes across	2
students wanted	2
newest idea	2
discussions around	2
better still	2
score bangor	2
specific topic	2
communication becomes	2
pair internet	2
wayfinding behaviors	2
new signs	2
mac os	2
weve got	2
ford innovation	2
httpsdoiorg crl	2
find recorded	2
werent sure	2
test test	2
oneonone interviews	2
helped build	2
taken seriously	2
codes emerged	2
reading rooms	2
better performance	2
like library	2
step feedback	2
issues identified	2
articles related	2
search process	2
inform change	2
leverage browser	2
younger participants	2
finder dent	2
website loaded	2
largely ignored	2
additional data	2
predictive systems	2
quiet environment	2
specific tools	2
reduce server	2
limited time	2
technology doi	2
rates variation	2
several benefits	2
also conducted	2
recently performed	2
sus particularly	2
libapps platform	2
huge impact	2
easiest way	2
without user	2
simply saying	2
advanced survey	2
experience skip	2
results show	2
thinkaloud testing	2
standard query	2
expressed confusion	2
subscription databases	2
role redundant	2
usu yearbooks	2
training opportunities	2
medical informatics	2
student engagement	2
datadriven approach	2
group participants	2
mediumsized academic	2
content platforms	2
phase two	2
ensure usability	2
april siqueiros	2
positive changes	2
far less	2
user working	2
developing new	2
two openended	2
loan course	2
last couple	2
html coding	2
think beyond	2
leftside limits	2
growing complexity	2
might work	2
indoor gps	2
concentration coordinator	2
multiple ways	2
library without	2
trained anthropologists	2
article titled	2
also offered	2
lean principles	2
problem will	2
use get	2
staff journal	2
never used	2
incorrect use	2
something different	2
sus questions	2
ticketing system	2
half full	2
integrated library	2
sites information	2
two versions	2
design presented	2
avoid http	2
advanced research	2
four items	2
methodology described	2
quick links	2
institutions looking	2
users read	2
bump point	2
ask patrons	2
mobile website	2
fixed signage	2
testing skills	2
study spaces	2
ten members	2
average time	2
begin exploring	2
web log	2
physical services	2
khoo et	2
specific focus	2
library initiative	2
newspapers regional	2
book useful	2
different colors	2
pattern matching	2
milestone timings	2
table survey	2
take time	2
usability model	2
server configuration	2
archival specialists	2
apps using	2
loading time	2
create basic	2
one rather	2
creating personas	2
fagan mandernach	2
suggest using	2
includes library	2
areas served	2
design design	2
really helpful	2
think libraries	2
browsing activity	2
mandernach nelson	2
trend analysis	2
data rather	2
alex sundt	2
given service	2
full text	2
youre still	2
empty src	2
business marketing	2
group data	2
learn doesnt	2
team devoted	2
others focus	2
fresno state	2
per session	2
ux without	2
since users	2
new perspective	2
empathetic approach	2
considered rules	2
reducing unnecessary	2
large part	2
smaller libraries	2
step towards	2
unc charlotte	2
plattner institute	2
identify areas	2
despite many	2
perfect methodology	2
wayfinding reference	2
defensiveness around	2
correct number	2
lengthy amounts	2
broader range	2
minor wording	2
ethnography requires	2
bad building	2
low investment	2
crossdepartmental crew	2
starting points	2
relationship marketing	2
unnecessary text	2
space outside	2
including students	2
apple app	2
service blueprints	2
august november	2
us will	2
perceived user	2
im also	2
ux efforts	2
percentile rank	2
reference instruction	2
consider using	2
httpsdevelopersgooglecomspeeddocsinsightsminifyresources httpdesigningforperformancecomoptimizingmarkupandstylesminificationandgzip	2
todays library	2
longterm ethnography	2
librarian cambridge	2
al suggest	2
digitization efforts	2
traditionalist wants	2
fusion tables	2
books manuscripts	2
blog network	2
visuallyimpaired patrons	2
will let	2
ul classnavtabs	2
process involves	2
common types	2
people actually	2
reading httpsdevelopersgooglecomspeeddocsinsightsminifyresources	2
web search	2
minimal time	2
age groups	2
service shostack	2
score page	2
new skills	2
prototype websites	2
text file	2
individual responsibility	2
work yet	2
insights th	2
librarys users	2
uncovering themes	2
variation pages	2
entire institution	2
user acceptance	2
use mobile	2
better user	2
code st	2
will love	2
scale bangor	2
student study	2
results may	2
chan crosbie	2
track capture	2
usercentered perspective	2
archival collections	2
library served	2
researcher novice	2
full time	2
performance budgets	2
digital age	2
user speed	2
san diego	2
collect space	2
library practices	2
data demonstrated	2
review httpsdoiorg	2
finite problemsolving	2
common terms	2
make decision	2
site optimization	2
methods training	2
nineteen image	2
persona characteristics	2
may indicate	2
look chicago	2
experience usability	2
location child	2
university community	2
working alone	2
smallscale assessment	2
usability questionnaire	2
research relating	2
structure may	2
content accessibility	2
possible range	2
participant behavior	2
understand student	2
tasks users	2
identify new	2
even numbered	2
middle school	2
goodman user	2
screen capture	2
particular discipline	2
like ebooks	2
engaging users	2
conferencing software	2
resulting app	2
like digital	2
got going	2
within physical	2
library workshops	2
providing feedback	2
pp new	2
screen captures	2
ethnographic studies	2
rates fig	2
personal network	2
selected transactions	2
usability beyond	2
web redesign	2
visits per	2
makes content	2
included students	2
first monday	2
houston libraries	2
disagree neither	2
relevant performance	2
group also	2
traditional library	2
focal point	2
proposed changes	2
questions seven	2
online diaries	2
moment present	2
become part	2
might need	2
theoretical perspective	2
college skip	2
usable useful	2
thirty cards	2
main navigation	2
log post	2
easy access	2
methodology used	2
like hours	2
better reflect	2
quantitative server	2
ncsu removed	2
including desires	2
textual description	2
experience honeycomb	2
limited experience	2
complicated grading	2
primary data	2
except summer	2
resources needed	2
evangelism methods	2
recruiting participants	2
discovery systems	2
reported finding	2
explore new	2
experience memorial	2
branch libraries	2
identifying assumptions	2
madison university	2
primary interface	2
interact learn	2
bounce ideas	2
students sat	2
accessibility concerns	2
set priorities	2
bad signage	2
will change	2
library catalogs	2
ux program	2
development shop	2
reading group	2
metrics relevant	2
william paterson	2
students study	2
necessarily think	2
define test	2
keeping track	2
accessibility issues	2
testing environment	2
site design	2
use terms	2
francoeur user	2
study results	2
online user	2
facetoface usability	2
prosthetic limb	2
professional development	2
links included	2
ive seen	2
will actually	2
wont tell	2
locations section	2
using two	2
limited value	2
working directly	2
website designers	2
find many	2
automated tools	2
test metrics	2
new call	2
better way	2
productive usability	2
july november	2
regular usability	2
test participant	2
revolved around	2
online environment	2
months usability	2
make digital	2
another article	2
much success	2
may provide	2
hbr blog	2
similar method	2
work im	2
nj prentice	2
schmidt etches	2
may think	2
data points	2
interactive features	2
impossible things	2
two academic	2
oreilly media	2
communicate ux	2
will benefit	2
direct quotes	2
personas reflect	2
smaller group	2
building scalable	2
learning behaviors	2
helps users	2
first section	2
media age	2
single page	2
weight fig	2
div idrightpane	2
teach information	2
research without	2
five critical	2
specifically focused	2
elapsed time	2
experience programs	2
suprq full	2
httpgoogleblogblogspotcom makesenseofyoursitetipsforhtml	2
library may	2
find meaning	2
efficient usability	2
report card	2
iterative nature	2
make datadriven	2
mega menu	2
percent per	2
reduce dns	2
widest possible	2
science erin	2
consider whether	2
academic communities	2
quantitative measures	2
users also	2
freshman sophomore	2
want quick	2
loweffort techniques	2
favicon small	2
wont get	2
will show	2
closely tied	2
final changes	2
research may	2
across different	2
vander meer	2
many seniors	2
librarys signage	2
student responded	2
web related	2
space however	2
measurable impact	2
easel feedback	2
plain text	2
relevance written	2
threshold concepts	2
let alone	2
methods used	2
summed divided	2
time defining	2
work towards	2
word best	2
theyve found	2
inperson methods	2
broadband connections	2
specific limitations	2
week enhancing	2
one skip	2
important however	2
past two	2
redesigned materials	2
survival guide	2
digital form	2
website testing	2
production server	2
quantitative work	2
online terms	2
performance browser	2
relevant content	2
im curious	2
steve krugs	2
day every	2
descriptions emphasizing	2
project calendar	2
spend lengthy	2
signs throughout	2
parent code	2
integral part	2
suma project	2
implementation phase	2
workflow issues	2
status quo	2
associate university	2
moving forward	2
consider asking	2
information scent	2
speed hogan	2
library technology	2
information landscape	2
also needed	2
one staff	2
stale content	2
science madras	2
informationseeking behavior	2
build empathy	2
ip addresses	2
digital information	2
collaborative group	2
native apps	2
different performance	2
personas relevant	2
total score	2
entire survey	2
flat conceptual	2
grassroots uxd	2
headersleverage browser	2
resources library	2
tools used	2
insideout grassroots	2
ideal worth	2
fall semester	2
space made	2
amy barlow	2
avoid alphaimageloader	2
builtin accessibility	2
new areas	2
recent report	2
buzzfeeds business	2
weave ux	2
administering questionnaires	2
following library	2
helpful staff	2
full list	2
patrick henry	2
umux may	2
new goals	2
based around	2
similar testing	2
others must	2
long page	2
esl students	2
entire experience	2
typical web	2
matter whether	2
recorded interviews	2
predefined metrics	2
possible scores	2
consumer behavior	2
new google	2
editor questions	2
document usability	2
student personas	2
run usability	2
much text	2
less familiar	2
using ethnographic	2
users flow	2
heritage objects	2
make javascript	2
every one	2
common user	2
usable websites	2
humanities scholars	2
possible rather	2
services librarians	2
one community	2
busiest floor	2
relatively simple	2
paper describes	2
broader population	2
libraries used	2
heading styles	2
encyclopedia retrieved	2
chasing beautiful	2
classnavtabs li	2
conclusions drawn	2
simple way	2
feedback surveys	2
human wayfinding	2
css external	2
performance diagnostic	2
design restrictions	2
white space	2
points schmidt	2
alison kuchta	2
page speed	2
little bit	2
ive learned	2
services usability	2
semistructured interviews	2
among library	2
reading disabilities	2
wider library	2
turn away	2
query model	2
test will	2
see table	2
groups sitting	2
prescribed guideline	2
specific projects	2
necessary changes	2
trello boards	2
entry points	2
issues within	2
online services	2
prentice hall	2
space journal	2
many members	2
put css	2
brief description	2
items one	2
anchorsihrefsubstr servernamelength	2
viable solution	2
hahn zitron	2
code nd	2
may choose	2
small scale	2
developing personas	2
increases ctr	2
libraries participants	2
interact fig	2
research done	2
study information	2
purchasing decisions	2
longer term	2
experience group	2
academic years	2
graded sus	2
http error	2
consistent approach	2
users actually	2
results return	2
servers since	2
median yslow	2
table illustrates	2
experience concentration	2
space figure	2
resource selection	2
overwhelmingly positive	2
khaled alshboul	2
april april	2
eds college	2
taskbased testing	2
fieldvalue pair	2
general principles	2
bias social	2
persons job	2
experience umux	2
may take	2
service point	2
something new	2
new things	2
worth striving	2
library interfaces	2
locating articles	2
key consideration	2
personal biases	2
delightful signage	2
slow page	2
statistics nd	2
writing center	2
test site	2
limited resources	2
midjanuary weave	2
remove duplicate	2
undergraduate protopersona	2
statistically significant	2
tasks may	2
also provided	2
referring url	2
actual patron	2
project information	2
including library	2
bibliographic information	2
responded help	2
three categories	2
content libraries	2
complex organization	2
reminding users	2
audiovisual content	2
also find	2
helping users	2
large university	2
usability toolkit	2
positive feedback	2
final signage	2
made significant	2
process weave	2
experience httpdxdoiorg	2
four sources	2
optimizing images	2
heading topic	2
students choosing	2
az page	2
way forward	2
emerging technology	2
existing signage	2
acm httpsdoiorg	2
chat logs	2
several years	2
adding media	2
made based	2
st level	2
fifteen participants	2
ebsco discovery	2
websites included	2
two floors	2
create personas	2
entire ecology	2
avoid jargon	2
behavior example	2
staff faculty	2
digitized photographs	2
user task	2
information retrieval	2
madras library	2
video access	2
various scenarios	2
reference interview	2
serverlogdfv serverlogdfv	2
still available	2
emphasizing web	2
reference chat	2
large amounts	2
tests revealed	2
weekly tests	2
campus library	2
survey responses	2
service experience	2
images accounted	2
th international	2
might otherwise	2
frequently made	2
unexpected changes	2
planning phase	2
points based	2
projects include	2
collection instrument	2
ux applying	2
outreach efforts	2
related skills	2
data four	2
using technology	2
library rather	2
brainstorming sessions	2
service blueprinting	2
introduction libraries	2
library faculty	2
daae socialicons	2
design focusing	2
user reactions	2
reduce cookie	2
just sitting	2
specific section	2
member reviewed	2
historical archives	2
completed task	2
paper signs	2
design practice	2
support users	2
homepage scored	2
somewhat depends	2
particle physics	2
training materials	2
reliable tested	2
rigorous research	2
student library	2
uc ebook	2
website via	2
following categories	2
local library	2
minnesota craig	2
question query	2
ux staff	2
experience httpsdoiorghttpdxdoiorg	2
forms document	2
lowbarrier methods	2
designer new	2
ncsu libraries	2
rochester chicago	2
test whether	2
academic search	2
patroncentered web	2
current web	2
task force	2
firefox plugin	2
product design	2
inform design	2
hypothesis identify	2
library eric	2
possible issue	2
boston public	2
control interact	2
detailed floor	2
information professionals	2
changes one	2
specific problems	2
calltoaction button	2
libraries httpsdoiorg	2
culture people	2
several loweffort	2
significant usability	2
experiment period	2
patron behavior	2
community college	2
chat transcript	2
edeker moorman	2
every page	2
modified date	2
apply anticipatory	2
survey monkey	2
enabling compression	2
last modified	2
direct access	2
participants answer	2
may cause	2
educause review	2
numbered items	2
relevant experiences	2
ux even	2
simply dont	2
valentine west	2
assessing services	2
make believe	2
michelle boisvenuefox	2
specific design	2
website vocabulary	2
design participatory	2
assistant professor	2
tsopra et	2
research purposes	2
ethnographic techniques	2
every sign	2
used differently	2
may include	2
making design	2
dewey decimal	2
poor performance	2
reference numbers	2
single search	2
design elements	2
fundamental aspect	2
im finding	2
research initiative	2
gate counts	2
groups within	2
ensuring users	2
archive shows	2
tool versus	2
changes incrementally	2
testing may	2
make significant	2
div div	2
association foster	2
important questions	2
emerged reflected	2
common log	2
server response	2
third parties	2
limited staff	2
thematic coding	2
work harder	2
li classactivea	2
participants identified	2
good news	2
librarian participants	2
unnecessarily complex	2
discovery services	2
issues experienced	2
based group	2
final scores	2
performance measures	2
facet appear	2
speed cluster	2
common queries	2
responsive design	2
wooden chairs	2
campus community	2
resulted reflects	2
partnerships collaborations	2
cambridge cambridge	2
subject area	2
experience will	2
current conditions	2
polger stempler	2
york amanda	2
question table	2
direct result	2
yet another	2
users simply	2
httpblogshbrorg henryfordneversaidthefast	2
many times	2
photographs newspapers	2
libraries project	2
unique online	2
personas figure	2
actually use	2
stakeholder map	2
use search	2
letting go	2
development phase	2
begin similar	2
compression add	2
still others	2
really nice	2
instruction sessions	2
one set	2
future library	2
carrel seats	2
wayfinding american	2
see us	2
comprehensive ux	2
libraryminded reader	2
measurement inventory	2
longterm views	2
extremely valuable	2
larger space	2
website goals	2
existing partnerships	2
big project	2
set list	2
judging performance	2
social engagement	2
idrightpane div	2
floor numbers	2
users must	2
web applications	2
sixth category	2
library card	2
data work	2
groups may	2
discovery layers	2
fb socialicons	2
ux programs	2
university georgina	2
recent user	2
creating new	2
popup theater	2
library projects	2
pew research	2
feel welcome	2
quote hbr	2
three different	2
performance monitoring	2
latino immigrants	2
creative license	2
specific context	2
research efforts	2
paper prototypes	2
leah buley	2
staffing levels	2
pat meenan	2
made accessible	2
optimization images	2
creating services	2
negative statements	2
dns lookups	2
users need	2
singleitem scale	2
sites page	2
changes based	2
hi tech	2
library organization	2
design conventions	2
scale ratings	2
answer choices	2
advisory group	2
educational technology	2
lean usability	2
different items	2
emily mitchell	2
score borsci	2
rules mediumscoring	2
participants rated	2
online library	2
systems model	2
evaluating place	2
stepbystep instructions	2
websitebased ab	2
uncover new	2
notable websites	2
creative ways	2
uncanny valley	2
coordinator pratt	2
apache server	2
design goal	2
library httpsdoiorg	2
outsiderregional campus	2
daniel matsumoto	2
multiple locations	2
via http	2
openended ethnography	2
norwich university	2
might indicate	2
experience working	2
whether digital	2
book may	2
predictive analytics	2
institutional review	2
national center	2
avoid css	2
testing done	2
kar yan	2
users move	2
patron will	2
patron perception	2
may seem	2
keyboard functionality	2
mind throughout	2
assistive devices	2
easily access	2
start testing	2
particular article	2
marketing literature	2
organization new	2
library administrators	2
experienced users	2
ux using	2
making patron	2
sophisticated data	2
media email	2
review httpdoiorg	2
people use	2
instructional practices	2
will become	2
main goal	2
collaborative areas	2
classactivea hrefindexphphoursali	2
testing methods	2
note usability	2
time planning	2
without needing	2
users helping	2
users within	2
natural light	2
flexible enough	2
initiatives librarian	2
pp chicago	2
get people	2
baseline understanding	2
commonly found	2
knowledge around	2
figure demonstrates	2
name really	2
intuitive interface	2
within google	2
one weakness	2
fig shows	2
html minify	2
usus regional	2
online population	2
people will	2
needs user	2
library site	2
per second	2
still provide	2
following sections	2
agile training	2
duplicate content	2
test project	2
information sciences	2
determine design	2
data including	2
usercentered datadriven	2
gift cards	2
assessment methodology	2
share results	2
results suggest	2
staff committee	2
originally intended	2
stumbling blocks	2
senior user	2
ten items	2
thereby improving	2
library furthermore	2
permanent web	2
initial round	2
combining several	2
design improving	2
certain library	2
used extensively	2
library workers	2
across multiple	2
msu library	2
asking participants	2
university staff	2
included locating	2
one specific	2
spaces library	2
nichols bobal	2
users recommended	2
resources usability	2
browser socialicons	2
information gathered	2
files one	2
review board	2
redesigned interface	2
investigating user	2
rich source	2
find newspapers	2
digitized special	2
better leverage	2
good questions	2
moot concern	2
gps system	2
useful first	2
images reduce	2
usability weave	2
network httpblogshbrorg	2
library page	2
system testing	2
baruch college	2
images need	2
ethnographic work	2
three main	2
yslow table	2
level location	2
mclellan et	2
user uses	2
righthand sidebar	2
librarys artistinresidence	2
dont make	2
earth sciences	2
still get	2
cultural processes	2
applying anticipatory	2
youll read	2
questions based	2
folklore items	2
patrons actual	2
print information	2
also observed	2
parents may	2
online presence	2
revolve around	2
user effort	2
pieces around	2
pings enhancing	2
exclusive outtake	2
subject librarian	2
clearly defined	2
mining tdm	2
figure example	2
avoid landing	2
end product	2
using data	2
target user	2
mentally parse	2
libraries even	2
still getting	2
still want	2
one link	2
current state	2
also see	2
subject areas	2
journey maps	2
device issues	2
often observe	2
using various	2
feel bad	2
account log	2
nelson paulo	2
pfau library	2
relevant information	2
users following	2
ux awareness	2
user comments	2
refer back	2
google form	2
early stages	2
matt borg	2
two projects	2
user search	2
return rate	2
cody hanson	2
regular paper	2
getting buyin	2
physical collection	2
div idaside	2
web app	2
pages highscoring	2
code examples	2
stakeholder groups	2
library hi	2
respondents rid	2
measurement metrics	2
typical search	2
great question	2
johnson also	2
rendering sequence	2
plus seconds	2
gathered throughout	2
analyze data	2
datadriven design	2
long way	2
select content	2
using assistive	2
librarian virginia	2
spaces version	2
design web	2
allows libraries	2
simultaneous use	2
spaces around	2
readily available	2
us minutes	2
california los	2
glass facade	2
page redirects	2
tested tool	2
findings suggest	2
immediate response	2
scalable user	2
carrels beside	2
members reviewing	2
getting ux	2
network graph	2
ultimately led	2
libraries godfrey	2
libraries communications	2
using fictional	2
designing signage	2
search complete	2
cuewords array	2
innovative libraries	2
printed signage	2
found throughout	2
piece will	2
information architect	2
steve krug	2
nine different	2
keep personas	2
reference transcripts	2
user tasks	2
usability techniques	2
returning students	2
regular practice	2
ux approach	2
common themes	2
future projects	2
strategic goals	2
particularly useful	2
vendor tools	2
digital tools	2
study background	2
separate persona	2
one might	2
library needs	2
relevance theory	2
institutionsthen library	2
users especially	2
applying lean	2
seven scale	2
help libraries	2
meet student	2
bean bags	2
avoid empty	2
librarys personality	2
daytoday work	2
worth considering	2
cocreative process	2
simul group	2
brand names	2
lifelong learning	2
students consider	2
user tests	2
data may	2
library retrieved	2
first click	2
reducing http	2
coding hierarchy	2
card template	2
usable interactive	2
designing services	2
science library	2
diego state	2
projects trained	2
media channels	2
cultural probes	2
areas creating	2
avoid url	2
ux librarians	2
improving ux	2
data within	2
iterative changes	2
unique materials	2
etags make	2
two sections	2
also point	2
taskbased questions	2
right direction	2
additional layer	2
testing allowed	2
pattern words	2
popular digital	2
confidence among	2
river nj	2
variation learn	2
odd numbered	2
website however	2
advantages limitations	2
download epub	2
science literature	2
identify strengths	2
business literature	2
pdf document	2
metrics like	2
redesign projects	2
formal usability	2
libraries top	2
alternate version	2
presumptive design	2
ux group	2
asked students	2
live site	2
near windows	2
existing apps	2
analyze results	2
worth noting	2
digital displays	2
per month	2
study group	2
without testing	2
standing team	2
top five	2
words writing	2
power outlets	2
overall library	2
among users	2
offer instant	2
perfect pair	2
really want	2
even questions	2
campus librarians	2
app lessons	2
floor plan	2
galadriel chilton	2
grudin encourage	2
common practice	2
research studies	2
typical library	2
started using	2
new media	2
cookie size	2
libraries might	2
place space	2
heritage institutions	2
time since	2
will save	2
interactive personalized	2
library retrieval	2
answering ux	2
four times	2
percent adoption	2
experience departments	2
library databases	2
go live	2
analytics software	2
provides access	2
libraries must	2
also able	2
design service	2
local data	2
physically present	2
students search	2
six days	2
ux beyond	2
put javascript	2
ten participants	2
fictional assignment	2
tuesday january	2
librarians interested	2
design projects	2
yes sampling	2
discovery search	2
creative solutions	2
virtual usability	2
sketch papers	2
look likeat	2
average download	2
guerilla method	2
app development	2
novel technique	2
participants jennifer	2
improving user	2
university case	2
five users	2
change teachers	2
transcript transcript	2
printing costs	2
resources retrieved	2
accessibility usability	2
two methods	2
also less	2
living documents	2
fixed true	2
soft seating	2
wider context	2
median number	2
identifying themes	2
post retrieved	2
student research	2
information needs	2
company philosophy	2
photo contest	2
library figure	2
testing offers	2
library federation	2
references asher	2
mobile whiteboards	2
information gathering	2
complex information	2
instructional videos	2
uxd process	2
several potential	2
faculty behavior	2
nonnative english	2
wayfinding usability	2
larger context	2
strategies series	2
use space	2
identify potential	2
library library	2
make ajax	2
adding users	2
figure library	2
typical undergraduate	2
many choices	2
print book	2
changes made	2
increase buyin	2
medaille et	2
analytics etc	2
five categories	2
weave together	2
content labels	2
location hours	2
universitywide survey	2
online survey	2
innovative ways	2
website users	2
median page	2
nvivo project	2
signage helps	2
significantly higher	2
ble advertisement	2
library mapping	2
bigger picture	2
krista godfrey	2
team member	2
enhancing usability	2
initial evaluation	2
impression describe	2
rare books	2
two skip	2
scored within	2
using detailed	2
appendix php	2
implementation team	2
testing programs	2
even need	2
content reduce	2
httpspapersssrncomsol paperscfmabstractid	2
readers advisory	2
mixedmethods study	2
figure google	2
student researcher	2
patron data	2
users desire	2
possible alternatives	2
user reaction	2
copy room	2
small library	2
using personal	2
coding conventions	2
training program	2
experiences across	2
tim kadlec	2
specific things	2
opportunity workshop	2
visual clue	2
populations within	2
education generally	2
user locate	2
access web	2
also looked	2
every participants	2
sat together	2
also act	2
cognitive mapping	2
library advisory	2
web folks	2
different labels	2
samantha raddatz	2
libraries search	2
full control	2
resource investment	2
didnt understand	2
evidence based	2
open source	2
constructing longterm	2
attract users	2
never know	2
particular user	2
mapping diaries	2
will describe	2
well just	2
new knowledge	2
common behaviors	2
online special	2
browsing session	2
well take	2
blind users	2
things get	2
must find	2
friday january	2
uc santa	2
first thing	2
spaces meant	2
html optimize	2
projects conducted	2
interact connect	2
area libraries	2
second look	2
godfrey suggests	2
open educational	2
academic year	2
leadership management	2
resources reduced	2
digital experience	2
figure prototype	2
digital signage	2
apply ux	2
ny rosenfeld	2
many librarians	2
gather quantitative	2
instant performance	2
users libraries	2
useful data	2
low cost	2
split testing	2
university press	2
theory design	2
college city	2
even shorter	2
testing session	2
macdonald assistant	2
users spend	2
given rule	2
system unnecessarily	2
hypothesis metrics	2
also want	2
statistically favorable	2
anderson senior	2
first year	2
users service	2
study area	2
tweetposium may	2
librarys web	2
usability training	2
students academic	2
somerville brownsica	2
even library	2
one based	2
make design	2
fiscal year	2
ebook collection	2
help open	2
make necessary	2
distributed model	2
two distinct	2
care physicians	2
staff training	2
sources used	2
staff observed	2
online thinkaloud	2
faculty staff	2
quarterly cooper	2
system variables	2
asked questions	2
high performance	2
website usage	2
holistic cocreative	2
two separate	2
hrefindexphpviewchatchatali ul	2
test questions	2
data indicate	2
using research	2
white web	2
highly motivated	2
librarian darien	2
use spaces	2
content includes	2
open card	2
question ranging	2
guides since	2
users information	2
access restrictions	2
conducted using	2
confident using	2
prioritize visible	2
helped run	2
configure entity	2
equally short	2
divisions members	2
vlaskovits patrick	2
rendering engine	2
scale may	2
improving web	2
existing services	2
libraries already	2
rules lowscoring	2
testing tabbed	2
useful information	2
web advisory	2
student patrons	2
returning visitors	2
category titles	2
experience university	2
primary care	2
variation connect	2
mormon pioneers	2
numbered questions	2
identify trends	2
engaging public	2
will improve	2
success rate	2
dont necessarily	2
usercentered process	2
css expressions	2
shoshana mayden	2
outreach outside	2
together provide	2
faculty researchers	2
busch sene	2
trust building	2
data multiple	2
may skip	2
particular scenario	2
materials rather	2
adoption rate	2
hourly roams	2
library setting	2
effective signage	2
research using	2
info hours	2
rear stairwell	2
success using	2
served randomly	2
internal library	2
new query	2
even just	2
survey provided	2
associate librarian	2
holistic assessment	2
scholarly communication	2
public librarys	2
experience analyst	2
prior use	2
material types	2
final personas	2
implementation challenges	2
tasks using	2
successful search	2
also commonly	2
sort data	2
users come	2
wants personal	2
html xml	2
time spent	2
browser rendering	2
doesnt even	2
fourth week	2
last two	2
analyst university	2
academic workshop	2
also allowed	2
frequently used	2
advisory team	2
design library	2
gave feedback	2
detailed discussion	2
health science	2
full documentation	2
usability becomes	2
data provided	2
rich content	2
site speed	2
closed captions	2
sidebar links	2
visual identity	2
designbased research	2
users prefer	2
will need	2
guys following	2
persona feel	2
small team	2
numerous departments	2
log format	2
im happy	2
analytics users	2
interviews focus	2
starter guide	2
question pattern	2
instructional design	2
oregon state	2
digital items	2
crash course	2
beside walls	2
collaborations workflows	2
testing multiple	2
shadowed users	2
saddle river	2
went forward	2
performance inc	2
user insights	2
organizational value	2
interface designed	2
added bonus	2
frontline staff	2
many academic	2
questions make	2
effective method	2
goals priorities	2
good alternative	2
conversation levels	2
state library	2
chat service	2
articles provide	2
appropriate tools	2
physical location	2
engagement continues	2
necessary practice	2
literature offers	2
data provides	2
effectively manage	2
change something	2
projects separately	2
mihoko hosoi	2
english speakers	2
driving force	2
degree programs	2
scale international	2
collect feedback	2
code child	2
usability allows	2
takes time	2
locations across	2
medical technologies	2
visible content	2
library usability	2
space primarily	2
becomes baked	2
libraries context	2
boston addisonwesley	2
young montana	2
centre space	2
featuring floor	2
differently comparative	2
improve search	2
properly designed	2
previous assessment	2
less experienced	2
ajax cacheable	2
arizona heidi	2
design survival	2
founding principles	2
greater number	2
explore solutions	2
build connections	2
education materials	2
simple survey	2
subject guide	2
greater chance	2
rate dropoff	2
performance budgeting	2
capabilities meet	2
entirely different	2
quiet space	2
firstclick test	2
evaluative frameworks	2
basic outline	2
fulltext journals	2
designers may	2
institutet university	2
doesnt mean	2
understanding library	2
various library	2
library serves	2
development others	2
themes emerge	2
widely adopted	2
academic information	2
reviewing reference	2
upper management	2
book instead	2
issue skip	2
interaction model	2
questions used	2
learn new	2
prototype featuring	2
duplicate javascript	2
significant results	2
specific book	2
service like	2
really well	2
sus retrieved	2
bookstore model	2
minute usability	2
experience conducting	2
creation process	2
yslow th	2
stacks implications	2
category pages	2
students requested	2
users instead	2
former members	2
databases catalogs	2
gathered data	2
experience library	2
students expressed	2
shared understanding	2
new patterns	2
allowing users	2
nd level	2
underlying needs	2
development projects	2
teaching activities	2
working inside	2
eds user	2
well well	2
librarys mobile	2
unique speaker	2
process however	2
great examples	2
critical review	2
additional training	2
complete user	2
finding solutions	2
take advantage	2
userfriendly library	2
present patrons	2
electronic journal	2
help people	2
initial design	2
environmental scan	2
library content	2
existing user	2
simply asked	2
recommended changes	2
students graduate	2
website better	2
work primarily	2
umuxlite may	2
web systems	2
requests fig	2
visible users	2
eight questions	2
shared lens	2
libraries member	2
attribute categories	2
user activity	2
job postings	2
task time	2
perform usability	2
scale images	2
will come	2
sessions will	2
another project	2
distance learning	2
gathering space	2
projects eg	2
refine services	2
york routledge	2
annual survey	2
team accomplishes	2
php code	2
library management	2
considered part	2
budget constraints	2
usercentered direction	2
lounge space	2
floor plans	2
website reports	2
potential benefits	2
markup contained	2
librarians will	2
dont appear	2
first question	2
text javascript	2
regulatory signage	2
server environment	2
brief interviews	2
redesign work	2
john brooke	2
affecting university	2
grassroots approach	2
similar tools	2
randomly assigned	2
staff went	2
design philosophy	2
modest documenting	2
association retrieved	2
also referred	2
students studying	2
comes together	2
editing style	2
least three	2
figure distribution	2
serve mostly	2
user click	2
ifla journal	2
css minify	2
libraries dont	2
userfocused research	2
useful insights	2
learning objects	2
web archive	2
multiple versions	2
experience symposia	2
getting information	2
variables showing	2
get done	2
minor changes	2
brandon west	2
content available	2
many years	2
ux amidst	2
took us	2
reading tools	2
permanent changes	2
embedded videos	2
see also	2
article explores	2
many others	2
moderators pete	2
will often	2
teaching classes	2
sources included	2
doesnt necessarily	2
hardware software	2
systems capabilities	2
anticipate user	2
develop personas	2
time investment	2
screen recordings	2
lia hrefindexphpviewnewsnewsali	2
regular duties	2
also makes	2
ajax requests	2
researcher graduate	2
rheumatoid arthritis	2
university weave	2
current users	2
keep talking	2
google lessons	2
management httpsdoiorg	2
main ebook	2
services group	2
change will	2
penfield library	2
others may	2
across library	2
different institutions	2
rights management	2
without specific	2
battery life	2
users online	2
webscale discovery	2
comfortable asking	2
rosenfeld media	2
page requests	2
help address	2
primary interaction	2
software development	2
students academics	2
conduct user	2
universal access	2
related issues	2
new strategic	2
single librarian	2
equal parts	2
powerful usability	2
anyones job	2
second phase	2
fail points	2
add text	2
completing tasks	2
different areas	2
one month	2
chat transaction	2
broader literature	2
media inc	2
users since	2
including websites	2
become easier	2
spreading usability	2
libraries experience	2
people make	2
representative quotes	2
brings us	2
rss user	2
tasks completed	2
los angeles	2
design question	2
library floor	2
sdsu library	2
work across	2
used usability	2
authors experience	2
heavily used	2
concepts tools	2
evaluating patron	2
wifi hotspots	2
studying user	2
internal document	2
questionnaires like	2
mentioned earlier	2
poor information	2
figure provides	2
minor value	2
doesnt work	2
education statistics	2
becomes usable	2
user information	2
descriptive link	2
doi jacalib	2
make favicon	2
may well	2
libraries interested	2
started collecting	2
university users	2
inside user	2
signal strength	2
seats beside	2
space usage	2
never see	2
administration httpsdoiorg	2
weaveux exclusive	2
fixing problems	2
organizational structure	2
builds skills	2
web beacons	2
ucla library	2
library use	2
library also	2
libraries usability	2
one text	2
homepage search	2
inform future	2
traffic flow	2
mihoko mentioned	2
pushed ux	2
local search	2
resource sharing	2
two specific	2
online photographs	2
javascript file	2
friendly language	2
take risks	2
users seeking	2
family planning	2
gullikson meyer	2
users choices	2
vice versa	2
points like	2
turpin collected	2
projects outside	2
survey conducted	2
design cheap	2
introduce new	2
users seek	2
implementing change	2
likely get	2
library ecology	2
page receives	2
users reactions	2
effective engaged	2
website improvements	2
program planning	2
oclc systems	2
note ncsu	2
app features	2
initial tests	2
know whats	2
critical role	2
two usability	2
data ie	2
internet access	2
indeed education	2
issues like	2
two segments	2
rules avoid	2
difference map	2
tags etags	2
ilya grigorik	2
may make	2
practice retrieved	2
teachers minds	2
term user	2
wrong answers	2
use case	2
behavior research	2
minimal institutional	2
per se	2
review essay	2
http headers	2
significant benefit	2
plus month	2
study areas	2
salvador et	2
actual behavior	2
users journal	2
matters performance	2
data without	2
maps version	2
many applications	2
observing users	2
openended survey	2
special librarianship	2
citation management	2
statistical analysis	2
meaningfully judging	2
consistent visual	2
full semester	2
science arts	2
small number	2
al rotating	2
near future	2
assembled group	2
students using	2
circulation reference	2
librarian page	2
people engage	2
website runs	2
scholarly literature	2
mobile patrons	2
become familiar	2
documentgetelementbyidmsginnerhtml well	2
already addressed	2
openended comments	2
participants may	2
disabilities act	2
social science	2
normal distribution	2
whether usability	2
two conditions	2
website like	2
initial user	2
site usability	2
interaction doi	2
eleventh question	2
five responses	2
ux isnt	2
library wayfinding	2
original source	2
thats actually	2
label options	2
human factors	2
experience according	2
librarian baruch	2
many digitized	2
job descriptions	2
de koning	2
usability via	2
white city	2
observational data	2
three weeks	2
usability perspective	2
short periods	2
transaction logs	2
potential issues	2
service innovation	2
cheap easy	2
users drawing	2
neither agree	2
experience department	2
citing interlibrary	2
moment engaging	2
wider range	2
first tab	2
assist patrons	2
median pagespeed	2
soft seat	2
reserves chat	2
particular library	2
literal aspect	2
groups will	2
questions scored	2
data right	2
table table	2
five library	2
one step	2
next steps	2
running quickly	2
box interview	2
weave user	2
consistent across	2
find users	2
user types	2
libraries one	2
libraries like	2
design skip	2
new parenthood	2
local user	2
put personas	2
dom elements	2
five different	2
whose membership	2
regional campuses	2
grayscale version	2
get rid	2
book just	2
many cases	2
weave improving	2
research indicates	2
services norwich	2
meet regularly	2
highestperforming variation	2
changes although	2
user perceptions	2
approximately years	2
two semesters	2
text format	2
something thats	2
way people	2
library moves	2
navigating library	2
data alone	2
possess web	2
seeing like	2
librarys database	2
one issue	2
two questions	2
journals library	2
intermediate researcher	2
student data	2
usability projects	2
related terms	2
hasso plattner	2
universal usability	2
didnt want	2
existing culture	2
spot evaluating	2
advertisement metadata	2
instructional regulatory	2
upper saddle	2
digital public	2
research skills	2
library rebecca	2
berkman karahoca	2
provides one	2
seem like	2
across several	2
focused research	2
times since	2
brooklyn ny	2
build institutional	2
methods applied	2
search logs	2
brown suggests	2
system information	2
small enough	2
also library	2
based library	2
website recommended	2
administrative support	2
choice retrieved	2
primary job	2
new questions	2
larger content	2
article examines	2
ux exercise	2
load event	2
tempelmankluit pearce	2
score indicates	2
important first	2
provide users	2
project documents	2
make improvements	2
paterson university	2
koltay tancheva	2
library offers	2
stocking pp	2
table coding	2
less complicated	2
multivariate testing	2
ul div	2
pp london	2
redirects prioritize	2
identify appropriate	2
reported success	2
ux within	2
youre looking	2
practical effectiveness	2
alphaimageloader filter	2
anticipatory search	2
personal help	2
easily available	2
white wow	2
advance usercentered	2
blakiston associate	2
true ethnography	2
implementing new	2
sample size	2
implemented figure	2
second step	2
quick access	2
ux researchers	2
system browser	2
time cost	2
universal design	2
pratt school	2
inherent problems	2
httpsdoiorghttpdxdoiorg weave	2
library participated	2
another floor	2
less important	2
services step	2
front stairwell	2
drupal site	2
file format	2
find something	2
solve problems	2
decision points	2
web user	2
hamburger menus	2
group table	2
science degree	2
staff across	2
process although	2
avoiding library	2
larson web	2
disparity among	2
different transcripts	2
ive also	2
services even	2
ethnographish methods	2
notable library	2
ux outreach	2
positive experience	2
actual use	2
cases involved	2
student experiences	2
model relies	2
regional history	2
writing guidelines	2
weve done	2
university stephen	2
usercentered decision	2
something like	2
project will	2
eight items	2
official ux	2
item score	2
cards coupled	2
students mental	2
library learning	2
different participants	2
jargon using	2
javascript minify	2
find old	2
library although	2
query weather	2
usage rights	2
potential improvements	2
assessing ux	2
student may	2
rather large	2
streaming video	2
idaside ul	2
vision mission	2
undercover book	2
new products	2
information access	2
go next	2
minimal effort	2
topic creating	2
higher ed	2
participant codes	2
deep exploration	2
response time	2
file used	2
experience journal	2
likeat least	2
value usability	2
reference point	2
ux people	2
standardized questionnaire	2
people decide	2
enough user	2
run experiment	2
prototype homepage	2
equals strongly	2
way around	2
encourage librarians	2
also enabled	2
supplementary tools	2
libraries digital	2
libraries college	2
little time	2
large floor	2
google scholar	2
improving search	2
development requests	2
one aspect	2
suggest ways	2
moves towards	2
location codes	2
state libraries	2
increased website	2
usability improvements	2
labeling online	2
positive relationship	2
testing user	2
systemwide licensing	2
libraries especially	2
websites researchers	2
free encyclopedia	2
new facet	2
regulatory signs	2
memex device	2
avoid using	2
project teams	2
important thing	2
use certain	2
techniques computers	2
institutional understanding	2
lia hrefindexphpviewchatchatali	2
dedicated staff	2
successful variation	2
interaction pattern	2
know exactly	2
draw conclusions	2
used one	2
shneiderman hochheiser	2
testing participant	2
understand users	2
experience references	2
error reduce	2
similar workshop	2
poor signage	2
relatively easy	2
cronin user	2
first design	2
cocreation process	2
im sure	2
colorado boulder	2
inferred aspect	2
long history	2
experiment designers	2
enough evidence	2
figure regional	2
uxlibs conference	2
css files	2
librarian figure	2
ethnographic practices	2
identified several	2
specific library	2
another challenge	2
users behavior	2
make small	2
representing broad	2
ethnographish moment	2
paper explores	2
success stories	2
indiana public	2
user informants	2
questions data	2
librarian user	2
organizational buyin	2
process described	2
nice spot	2
better foot	2
occur together	2
agile methodology	2
uwg member	2
helping students	2
dont really	2
expires headersleverage	2
identification instructional	2
user will	2
university moderators	2
score throughout	2
time allocation	2
work ive	2
text library	2
respondents browsing	2
business metric	2
analysis rather	2
controlled experimentation	2
previous iteration	2
behavior gained	2
appearance sauro	2
taking ownership	2
st percentile	2
burkhardt head	2
just make	2
library see	2
ten questions	2
good reason	2
high wait	2
symposia skip	2
work similarly	2
hrefindexphphoursali lia	2
recently created	2
big part	2
rss improving	2
digital rights	2
less rigorous	2
differences among	2
website using	2
url redirects	2
old usu	2
different institutionsthen	2
information like	2
example imagine	2
task question	2
learning opportunities	2
instagram images	2
similar terms	2
engagement retrieved	2
ten cents	2
faster horse	2
