noun	frequency
library	1369
user	878
users	633
usability	517
data	500
design	496
web	451
libraries	433
website	432
experience	414
information	393
time	363
research	342
testing	338
work	302
content	296
students	266
page	255
search	255
space	229
team	229
process	228
p.	209
service	205
staff	202
services	192
study	183
group	180
questions	176
access	174
example	173
way	171
participants	160
system	160
people	158
results	157
performance	153
personas	150
use	149
librarians	142
resources	142
student	140
survey	138
spaces	137
number	131
methods	129
figure	125
signage	125
project	123
projects	122
test	121
question	117
approach	116
homepage	115
members	110
needs	106
site	106
tools	106
websites	105
changes	104
b	103
patrons	103
analysis	99
book	99
term	98
collections	96
task	94
feedback	93
issues	92
tests	91
text	91
groups	90
terms	89
ethnography	88
behavior	86
development	86
percent	86
scale	86
article	84
studies	84
part	83
context	82
systems	82
app	81
case	81
usage	81
community	79
order	79
step	78
materials	77
organization	76
things	76
collection	75
discovery	72
skills	72
attribution	71
issue	70
persona	70
score	70
point	69
ways	69
method	68
model	68
understanding	68
culture	67
interface	66
software	66
tasks	65
focus	64
tool	64
value	64
person	63
navigation	62
pages	62
practice	62
campus	61
goals	61
list	61
paper	61
problems	61
items	60
reference	60
something	60
type	60
day	59
floor	59
librarian	59
scores	59
colleagues	58
links	57
peer	57
assessment	56
license	56
practices	56
year	56
building	55
faculty	55
decision	54
problem	54
areas	53
details	53
level	53
others	53
a	52
books	52
card	52
experiment	52
end	51
interviews	51
literature	51
points	51
professionals	51
signs	51
fig	50
range	50
success	50
times	50
query	49
years	49
journal	48
behaviors	47
lot	47
place	47
product	47
requests	47
environment	46
link	46
prototype	46
training	46
accessibility	45
browser	45
citation	45
e	45
images	45
need	45
policy	45
principles	45
rate	45
researchers	45
table	45
urls	45
division	44
goal	44
impact	44
language	44
perspective	44
role	44
types	44
analytics	43
codes	43
rules	43
solutions	43
techniques	43
university	43
area	42
challenges	42
creation	42
decisions	42
experiences	42
form	42
ideas	42
location	42
resource	42
stakeholders	42
support	42
volume	42
change	41
member	41
participant	41
sign	41
catalog	40
knowledge	40
program	40
redesign	40
sense	40
teaching	40
technology	40
engagement	39
expectations	39
help	39
institutions	39
management	39
patron	39
section	39
variety	39
examples	38
insights	38
metrics	38
responses	38
set	38
assumptions	37
category	37
mpub-help@umich.edu	37
permissions	37
methodology	36
purpose	36
rooms	36
speed	36
bias	35
cases	35
hours	35
image	35
improvements	35
in	35
media	35
sources	35
thinking	35
weight	35
box	34
course	34
file	34
kind	34
mind	34
room	34
steps	34
teams	34
categories	33
code	33
databases	33
evaluation	33
findings	33
importance	33
interfaces	33
print	33
server	33
activities	32
desk	32
evidence	32
instruction	32
item	32
job	32
moment	32
one	32
addition	31
literacy	31
options	31
source	31
surveys	31
themes	31
approaches	30
css	30
efforts	30
features	30
implementation	30
interest	30
plan	30
conversation	29
expertise	29
maps	29
opportunity	29
response	29
sample	29
solution	29
title	29
transcripts	29
version	29
ability	28
apps	28
buy	28
committee	28
furniture	28
interaction	28
labels	28
period	28
science	28
variations	28
aspects	27
cards	27
discussion	27
effort	27
elements	27
field	27
month	27
reader	27
result	27
series	27
terminology	27
trust	27
articles	26
co	26
computer	26
department	26
departments	26
designers	26
education	26
enhancement	26
institution	26
interactions	26
levels	26
load	26
marketing	26
network	26
phase	26
preferences	26
screen	26
session	26
sessions	26
structure	26
thing	26
view	26
words	26
action	25
amount	25
budget	25
concept	25
devices	25
everyone	25
fact	25
observations	25
organizations	25
picture	25
processes	25
scope	25
size	25
vendors	25
administration	24
architecture	24
aspect	24
benefits	24
business	24
coding	24
control	24
days	24
description	24
history	24
idea	24
insight	24
lack	24
line	24
locations	24
notes	24
patterns	24
pieces	24
report	24
sites	24
variation	24
week	24
answers	23
application	23
archives	23
choice	23
comments	23
cost	23
device	23
guide	23
name	23
opportunities	23
priorities	23
products	23
researcher	23
respondents	23
seats	23
style	23
transcript	23
video	23
activity	22
challenge	22
choices	22
communication	22
communities	22
confusion	22
developers	22
document	22
guidelines	22
nature	22
observation	22
potential	22
sweeps	22
uwg	22
assistance	21
audience	21
connections	21
differences	21
discussions	21
format	21
future	21
hand	21
individuals	21
introduction	21
label	21
learning	21
measures	21
parts	21
power	21
word	21
connection	20
delivery	20
depth	20
environments	20
jargon	20
kinds	20
layout	20
option	20
position	20
purposes	20
request	20
school	20
side	20
sort	20
undergraduates	20
values	20
visitors	20
world	20
authors	19
awareness	19
characteristics	19
color	19
computers	19
concepts	19
factors	19
guides	19
headings	19
making	19
models	19
population	19
satisfaction	19
scoring	19
today	19
traffic	19
%	18
aloud	18
answer	18
author	18
basis	18
click	18
database	18
documents	18
ebook	18
ebooks	18
facets	18
membership	18
review	18
scenarios	18
sections	18
someone	18
theme	18
think	18
total	18
applications	17
call	17
chat	17
circulation	17
collaboration	17
conference	17
contexts	17
core	17
date	17
definition	17
designer	17
files	17
functionality	17
improvement	17
input	17
internet	17
map	17
meaning	17
minutes	17
participatory	17
perceptions	17
piece	17
planning	17
return	17
semester	17
strategies	17
strategy	17
trends	17
writing	17
account	16
background	16
bit	16
board	16
carrels	16
classes	16
college	16
comment	16
couple	16
expiresbytype	16
investment	16
limitations	16
loan	16
mapping	16
means	16
months	16
note	16
optimization	16
perspectives	16
platform	16
relationships	16
repository	16
requirements	16
selection	16
stacks	16
structures	16
subject	16
technique	16
variables	16
actions	15
anyone	15
anything	15
attention	15
attributes	15
beginning	15
branch	15
customer	15
detail	15
element	15
empathy	15
event	15
events	15
everything	15
graduate	15
homepages	15
interview	15
layer	15
numbers	15
objects	15
opinions	15
path	15
phases	15
prototypes	15
queries	15
reports	15
reviewers	15
target	15
topic	15
undergraduate	15
workflows	15
act	14
anxiety	14
barriers	14
beacons	14
branches	14
coffee	14
conversations	14
email	14
exercise	14
feelings	14
inquiry	14
instance	14
intention	14
majority	14
material	14
noise	14
outreach	14
overview	14
philosophy	14
post	14
reading	14
reason	14
relevance	14
skill	14
stage	14
state	14
summer	14
vendor	14
workshop	14
adoption	13
assignment	13
colors	13
conclusion	13
contact	13
difference	13
duties	13
enhancements	13
feature	13
folks	13
interlibrary	13
length	13
look	13
methodologies	13
mining	13
mix	13
news	13
proto	13
readers	13
recommendations	13
responsibilities	13
rule	13
self	13
sets	13
theory	13
tone	13
top	13
url	13
wayfinding	13
#	12
administrators	12
benefit	12
boxes	12
chance	12
conclusions	12
divisions	12
editors	12
effectiveness	12
employees	12
energy	12
experimentation	12
eye	12
facet	12
factor	12
ground	12
hypothesis	12
individual	12
initiative	12
instructions	12
labeling	12
measure	12
metric	12
participation	12
pattern	12
peak	12
privacy	12
programming	12
programs	12
relationship	12
scales	12
sorts	12
sus	12
touchpoints	12
var	12
visits	12
voice	12
wording	12
zone	12
advocate	11
alt	11
barrier	11
brand	11
chapter	11
chapters	11
complexity	11
compression	11
concerns	11
contrast	11
creators	11
direction	11
disabilities	11
display	11
distance	11
distribution	11
ecology	11
effect	11
engines	11
face	11
failure	11
floors	11
frustrations	11
hardware	11
hour	11
instances	11
interviewer	11
journey	11
kb	11
librarianship	11
life	11
log	11
mechanics	11
meetings	11
names	11
outcomes	11
percentile	11
platforms	11
positions	11
practitioners	11
reasons	11
risk	11
sharing	11
sorting	11
spring	11
starting	11
story	11
tab	11
topics	11
weather	11
z	11
address	10
appendix	10
audit	10
baseline	10
center	10
chairs	10
companies	10
components	10
conjunction	10
constraints	10
cues	10
deal	10
emphasis	10
familiarity	10
forms	10
foundation	10
guidance	10
header	10
implications	10
impression	10
instrument	10
lots	10
ones	10
parents	10
peers	10
percentage	10
perception	10
progress	10
quality	10
questionnaire	10
recognition	10
reflection	10
reply	10
respect	10
respondent	10
responsibility	10
row	10
seat	10
situation	10
staffing	10
stages	10
statistics	10
touch	10
versions	10
vision	10
weave	10
whole	10
windows	10
advice	9
anticipation	9
assessments	9
audio	9
branding	9
button	9
calendar	9
characters	9
class	9
clusters	9
colleague	9
completion	9
component	9
considerations	9
copy	9
default	9
definitions	9
degree	9
engine	9
ethnographers	9
exploration	9
facts	9
fields	9
flexibility	9
front	9
guerrilla	9
half	9
home	9
humanities	9
initiatives	9
interpretation	9
journals	9
landing	9
limits	9
lives	9
meeting	9
mission	9
money	9
motivations	9
object	9
occupancy	9
overload	9
partnerships	9
places	9
possibilities	9
presence	9
presentation	9
prompts	9
protocol	9
roles	9
script	9
setting	9
situations	9
sizes	9
spot	9
standards	9
status	9
tables	9
tech	9
thanks	9
thoughts	9
toolkit	9
track	9
transcription	9
workshops	9
a.	8
affinity	8
age	8
anthropology	8
argument	8
attitudes	8
attribute	8
bits	8
briefly	8
cluster	8
commitment	8
dataset	8
demand	8
descriptions	8
desire	8
diaries	8
diary	8
difficulty	8
directions	8
draft	8
duration	8
easel	8
entity	8
entry	8
experiments	8
framework	8
gains	8
gap	8
heading	8
icons	8
identification	8
incentives	8
keywords	8
loading	8
matter	8
moments	8
motivation	8
none	8
online	8
pain	8
placement	8
plans	8
populations	8
proceedings	8
profession	8
reserves	8
rest	8
retrieval	8
scenario	8
seconds	8
speaker	8
speech	8
stakeholder	8
statement	8
statements	8
strengths	8
string	8
stuff	8
styles	8
suggestions	8
summaries	8
tracking	8
transactions	8
trend	8
up	8
videos	8
wall	8
weeks	8
workers	8
workload	8
advantage	7
archival	7
art	7
availability	7
base	7
boards	7
body	7
buildings	7
catalogs	7
charts	7
classroom	7
communications	7
concern	7
conferences	7
confidence	7
consensus	7
consideration	7
controls	7
cycle	7
desirability	7
desks	7
developer	7
directory	7
ease	7
experts	7
facilities	7
filter	7
grading	7
graphs	7
guerilla	7
hazard	7
heritage	7
hierarchy	7
iframe	7
inclusion	7
increase	7
index	7
influence	7
innovation	7
investigation	7
iteration	7
launch	7
leadership	7
licenses	7
machine	7
manner	7
match	7
matters	7
medium	7
message	7
museum	7
operating	7
party	7
periods	7
personality	7
phone	7
photographs	7
policies	7
popularity	7
preparation	7
principle	7
priority	7
public	7
publications	7
rating	7
recording	7
render	7
shelf	7
shift	7
stories	7
storytime	7
successes	7
tabs	7
transaction	7
tutorials	7
updates	7
validity	7
vocabulary	7
winner	7
a.m.	6
agent	6
aids	6
alternative	6
alternatives	6
anthropologists	6
assumption	6
backgrounds	6
bag	6
blueprint	6
budgets	6
caption	6
captions	6
care	6
carrel	6
city	6
client	6
comfort	6
configuration	6
consumer	6
conventions	6
cookie	6
creativity	6
decrease	6
demands	6
designs	6
documentation	6
domains	6
downloads	6
elevator	6
ethnographish	6
ethnology	6
explanation	6
extension	6
fidelity	6
figures	6
fly	6
force	6
formats	6
frame	6
frustration	6
function	6
gaps	6
generators	6
geolocation	6
handful	6
hands	6
head	6
headers	6
house	6
html	6
human	6
identity	6
incentive	6
inspiration	6
intent	6
intentions	6
investigations	6
isolation	6
iterations	6
key	6
lens	6
lessons	6
light	6
likelihood	6
lists	6
manager	6
managers	6
measurement	6
metadata	6
middle	6
migration	6
mindset	6
n=11	6
newspapers	6
nothing	6
novice	6
opinion	6
p.m.	6
permission	6
photos	6
possibility	6
printing	6
prompt	6
providers	6
r	6
rates	6
ratings	6
re	6
reactions	6
recordings	6
reminder	6
renovation	6
replacement	6
representation	6
restrictions	6
schedule	6
scholars	6
semesters	6
semi	6
seniors	6
sequence	6
settings	6
shelves	6
shop	6
similarities	6
snapshot	6
specification	6
speeds	6
stairwell	6
sub	6
subjects	6
talk	6
timeline	6
uses	6
walk	6
window	6
wireframes	6
workflow	6
working	6
xml	6
zones	6
5-point	5
8)	5
acceptance	5
advertisement	5
amounts	5
api	5
array	5
artist	5
autoplay	5
bytes	5
campuses	5
centric	5
chances	5
channels	5
character	5
chart	5
checklist	5
checkout	5
clarification	5
classification	5
classrooms	5
combination	5
company	5
comparison	5
complaints	5
conditions	5
consultants	5
contents	5
counts	5
coursework	5
coworkers	5
credit	5
cuewords	5
cultures	5
customers	5
desktop	5
diagram	5
digitization	5
discipline	5
disciplines	5
displays	5
disruption	5
doi	5
editing	5
effects	5
evolution	5
fall	5
fear	5
fit	5
flow	5
fold	5
font	5
foundations	5
fun	5
gathering	5
generator	5
gift	5
habits	5
heat	5
industry	5
info	5
integration	5
keyword	5
landscape	5
layouts	5
lead	5
licensing	5
lines	5
maintenance	5
market	5
markup	5
menu	5
multitude	5
outlets	5
ownership	5
pair	5
partners	5
personalization	5
phrase	5
pilot	5
posters	5
printers	5
prototyping	5
purchase	5
questionnaires	5
quotes	5
readability	5
readings	5
refinement	5
reliance	5
repetition	5
residence	5
rigor	5
scheme	5
schools	5
scripts	5
searches	5
sketches	5
spreadsheet	5
standard	5
start	5
strategist	5
summary	5
supplement	5
tablet	5
template	5
tension	5
titles	5
town	5
trouble	5
uncertainty	5
usefulness	5
views	5
wait	5
walls	5
weaknesses	5
webaim	5
whiteboards	5
worth	5
academics	4
administrator	4
advance	4
advantages	4
affordance	4
aim	4
ajax	4
arguments	4
arts	4
attendees	4
attitude	4
audiences	4
audiobooks	4
authority	4
beta	4
biases	4
blog	4
boss	4
boundaries	4
brainstorming	4
bridge	4
broadband	4
browsers	4
browsing	4
bulk	4
cafe	4
capture	4
categorization	4
century	4
charge	4
check	4
chunk	4
chutes	4
clarity	4
club	4
collaborations	4
columns	4
committees	4
commons	4
conflict	4
coordinator	4
correlation	4
decades	4
degrees	4
designing	4
desires	4
devil	4
director	4
diversity	4
doors	4
drop	4
ed	4
editions	4
editor	4
elevators	4
entrance	4
equivalent	4
error	4
errors	4
examination	4
explorations	4
expression	4
family	4
filters	4
finding	4
follow	4
fonts	4
forefront	4
formula	4
frames	4
freedom	4
funding	4
glance	4
graves	4
hazards	4
heart	4
holds	4
hope	4
href="index.php?view	4
hub	4
humor	4
impatience	4
industries	4
inquiries	4
intervals	4
it	4
javascript	4
keyboard	4
kids	4
kiosk	4
layers	4
liaison	4
libraries’	4
logs	4
magnitude	4
master	4
meanings	4
mediation	4
menus	4
milestones	4
minds	4
minimum	4
mobile	4
mockups	4
mode	4
momentum	4
moves	4
normalization	4
null	4
objective	4
observer	4
off	4
outlines	4
overlap	4
pathway	4
phones	4
pie	4
plenty	4
prediction	4
programmers	4
proposal	4
randomization	4
ranges	4
reality	4
recommendation	4
references	4
refining	4
regression	4
reliability	4
renovations	4
reorganization	4
reputation	4
rights	4
rounds	4
screenshots	4
seating	4
servers	4
shape	4
sheet	4
shows	4
signal	4
sophomore	4
speakers	4
specialists	4
specifics	4
states	4
streaming	4
strength	4
submission	4
subscription	4
sum	4
tags	4
technologies	4
tendency	4
thesis	4
thought	4
tips	4
transition	4
tree	4
tune	4
twitter	4
understandings	4
units	4
universities	4
valley	4
visibility	4
voices	4
volunteers	4
water	4
wealth	4
weaveux	4
wiki	4
winter	4
worker	4
7-point	3
acknowledgements	3
addresses	3
adjustments	3
ads	3
advisory	3
advocates	3
aesthetics	3
agenda	3
aisle	3
alison	3
allocation	3
analyzing	3
anchors[i].href	3
anecdotes	3
appeal	3
appearance	3
appointments	3
approval	3
artifacts	3
assets	3
assignments	3
assistant	3
attempts	3
attendance	3
average	3
back	3
balancing	3
basics	3
beach	3
beacon	3
bean	3
behalf	3
blocks	3
blueprints	3
bonus	3
booklists	3
bookstore	3
bottom	3
bounce	3
bozeman	3
bump	3
cache	3
capabilities	3
capacity	3
career	3
carousel	3
cc	3
ceiling	3
centers	3
chair	3
checkers	3
checkmarks	3
chunks	3
circulations	3
clue	3
clutter	3
cody	3
column	3
commerce	3
competition	3
complement	3
concert	3
consistency	3
consortia	3
consumers	3
contributors	3
convenience	3
conversion	3
conversions	3
cookies	3
coordinate	3
coordinators	3
copyright	3
costs	3
cover	3
crew	3
cross	3
custom	3
dashboard	3
deadlines	3
decade	3
deck	3
dedication	3
deininger	3
demographic	3
dialogue	3
distinction	3
divide	3
download	3
dozen	3
dozens	3
drawbacks	3
ecosystem	3
edition	3
editorial	3
employment	3
evening	3
evenings	3
expanded.df[row	3
expectation	3
expense	3
expert	3
exposure	3
faqs	3
favicon	3
favor	3
fieldwork	3
fixes	3
fountains	3
foyer	3
frameworks	3
frequency	3
friction	3
friend	3
frontline	3
functions	3
funds	3
go	3
graduates	3
grant	3
guideline	3
handouts	3
headline	3
honesty	3
href	3
ia	3
ibeacons	3
independence	3
indicator	3
infrastructure	3
interpretations	3
invention	3
invitation	3
involvement	3
languages	3
laptop	3
left	3
lesson	3
leverage	3
li><a	3
lifecycle	3
lighting	3
limitation	3
loads	3
logic	3
loss	3
loyalty	3
lunch	3
manifesto	3
mechanism	3
men	3
mentions	3
messages	3
milestone	3
milliseconds	3
minification	3
misunderstood	3
mouth	3
narrative	3
networks	3
newsletters	3
notification	3
notifications	3
office	3
orientation	3
outcome	3
outline	3
outsiders	3
overhaul	3
packet	3
papers	3
parent	3
parenthood	3
parties	3
past	3
path_length	3
physicians	3
player	3
plug	3
portal	3
practitioner	3
praxis	3
preference	3
present	3
presentations	3
prioritizing	3
probes	3
procedures	3
professor	3
psychology	3
publisher	3
publishers	3
purchasing	3
quantity	3
reaction	3
reasoning	3
recruitment	3
redesigns	3
relevancy	3
repositories	3
reserve	3
retirees	3
right	3
risks	3
root	3
sampling	3
sciences	3
scientists	3
second	3
sector	3
segments	3
semantics	3
seo	3
setup	3
share	3
shareability	3
shops	3
shortcomings	3
shorthand	3
sidebar	3
sightlines	3
silos	3
simplicity	3
siri	3
sketch	3
smartphone	3
smartphones	3
snack	3
snacks	3
specifications	3
spectrum	3
src	3
stack	3
stakes	3
stand	3
standpoint	3
strings	3
strips	3
suggestion	3
surface	3
surprise	3
sweep	3
take	3
talks	3
tandem	3
templates	3
third	3
threshold	3
throughs	3
time_on_task	3
tradition	3
transcriptions	3
transformation	3
treatment	3
trips	3
truth	3
tutorial	3
tweetposium	3
umux	3
utility	3
vacuum	3
variable	3
visit	3
visualization	3
volunteer	3
w3c	3
watermarks	3
wayshowing	3
weakness	3
webinars	3
webpage	3
whiteboard	3
willingness	3
workloads	3
yearbooks	3
yields	3
1990s	2
1s	2
34(2	2
accordance	2
accuracy	2
ace	2
acquisition	2
acronyms	2
acts	2
admin	2
adult	2
advances	2
affairs	2
agreements	2
aims	2
algorithm	2
alphaimageloader	2
alternates	2
alumni	2
angle	2
animations	2
apples	2
appreciation	2
architect	2
architects	2
archive	2
arrangement	2
arthritis	2
assertion	2
association	2
associations	2
async	2
attempt	2
auspice	2
authenticity	2
bags	2
bar	2
battery	2
beauty	2
being	2
beliefs	2
benchmark	2
benchmarking	2
bibliomining	2
blindness	2
block	2
blueprinting	2
breadth	2
break	2
brochures	2
browse	2
budgeting	2
bunch	2
by	2
c	2
calculation	2
camera	2
campaign	2
candy	2
cannot	2
captures	2
carousels	2
centerpiece	2
cents	2
cervone	2
charrettes	2
chat"	2
chat</a></li	2
checking	2
checks	2
child	2
children	2
chow	2
church	2
circles	2
circumstances	2
class="nav	2
clause	2
clearance	2
clicks	2
clients	2
clues	2
collaborators	2
collectors	2
colleges	2
colorblindness	2
combinations	2
command	2
commands	2
commonalities	2
comparisons	2
complexities	2
complication	2
composition	2
compromise	2
concentration	2
concrete	2
conferencing	2
configure	2
consequences	2
consortium	2
constructs	2
container	2
containers	2
contest	2
continuum	2
cooper	2
copying	2
counter	2
counterpart	2
counterparts	2
country	2
courses	2
criteria	2
criticism	2
critique	2
cueuseragentwords	2
curiosity	2
curriculum	2
cursor	2
customizations	2
d	2
dean	2
debate	2
decline	2
defensiveness	2
delays	2
deletion	2
deliverables	2
depictions	2
diagnostics	2
dirty	2
disadvantage	2
discrepancy	2
disparity	2
distraction	2
dives	2
document.getelementbyid("msg").innerhtml	2
documenting	2
dom	2
domain	2
door	2
drafts	2
drawing	2
dream	2
drive	2
driver	2
dynamic	2
edge	2
efficacy	2
emergent	2
employee	2
engages	2
engineering	2
engineers	2
enthusiasm	2
entirety	2
equation	2
equipment	2
essays	2
essence	2
establishment	2
et	2
etags	2
ethno	2
ethnographer	2
ethos	2
everybody	2
exception	2
exceptions	2
execution	2
exhibitions	2
existence	2
expressions	2
extensions	2
eyes	2
facade	2
faces	2
fast/.	2
fears	2
feasibility	2
feeling	2
figs	2
finals	2
findability	2
fines	2
flatness	2
flowchart	2
flyer	2
flyers	2
folklore	2
folksonomies	2
followers	2
following	2
foot	2
ford	2
formulation	2
freshman	2
freshmen	2
friends	2
fundamentals	2
fundraising	2
g	2
gate	2
gateway	2
geography	2
geology	2
getparameterbyname("r	2
glass	2
gps	2
grades	2
grants	2
graph	2
graphics	2
grassroots	2
grayscale	2
grid	2
groundwork	2
growth	2
grunt	2
guys	2
gzip	2
hackathons	2
hall	2
handout	2
haves	2
hearing	2
height	2
hires	2
histogram	2
holdings	2
honeycomb	2
hotspots	2
houses	2
http://	2
http://googleblog.blogspot.com/2009/03/make-sense-of-your-site-tips-for.html	2
http://www.erialproject.org/publications/toolkit/	2
https://developers.google.com/speed/docs/insights/minifyresources	2
hubs	2
hurdle	2
hyperlinks	2
i	2
ideation	2
immigrants	2
impacts	2
implementations	2
impressions	2
inconsistency	2
incorporation	2
increases	2
indexing	2
inferences	2
informants	2
inline	2
ins	2
inside	2
intelligence	2
interests	2
interviewers	2
investments	2
iphone	2
ipod	2
ix	2
jumpstarter	2
justification	2
killer	2
kupersmith	2
labor	2
ladder	2
land	2
latitude	2
law	2
laws	2
leader	2
learner	2
learners	2
lecture	2
legislation	2
length(task_set	2
letter	2
libraryland	2
limb	2
limit	2
listings	2
locate	2
looks	2
lookup	2
lookups	2
lounge	2
love	2
machines	2
mail	2
mailing	2
major	2
majors	2
man	2
mandal	2
mandate	2
maness	2
mantra	2
manual	2
marks	2
mass	2
maturation	2
measurements	2
median	2
memex	2
mess	2
metaphors	2
microwave	2
millions	2
missions	2
mistakes	2
misunderstandings	2
mockup	2
modes	2
modifications	2
monitoring	2
morning	2
move	2
movement	2
ms	2
multivariate	2
navigability	2
necessity	2
nerds	2
newsletter	2
night	2
non	2
noon	2
norm	2
notice	2
notion	2
novices	2
nuances	2
objectives	2
obstacle	2
occurrence	2
offer	2
offerings	2
opac	2
opening	2
opposite	2
oranges	2
output	2
outset	2
outtake	2
overviews	2
pace	2
packages	2
pairs	2
paragraph	2
paragraphs	2
parameters	2
park	2
particle	2
partnership	2
patience	2
patient	2
patients	2
pay	2
payoff	2
percentages	2
personnel	2
photo	2
phrases	2
physics	2
pictures	2
pioneer	2
pioneers	2
pitch	2
plates	2
players	2
plea	2
plugins	2
pocket	2
pool	2
pop	2
portion	2
portions	2
postings	2
pot	2
preface	2
procedure	2
production	2
profile	2
profit	2
programmer	2
progression	2
promise	2
promises	2
promotion	2
promotions	2
proof	2
properties	2
provider	2
prowess	2
proxies	2
proximity	2
publication	2
purity	2
pursuit	2
q	2
qr	2
qualities	2
quarter	2
quo	2
quote	2
r=	2
r_123_q1	2
radio	2
ranking	2
rapport	2
rationale	2
reach	2
read	2
recession	2
recipe	2
record	2
redirects	2
relation	2
rendering	2
replacements	2
reporting	2
representations	2
reservation	2
residue	2
resistance	2
responsiveness	2
retirement	2
revision	2
reward	2
rheumatoid	2
rhythms	2
rid	2
rise	2
roams	2
roots	2
round	2
rows	2
samples	2
sandbox	2
scan	2
scent	2
schedules	2
scheduling	2
schemes	2
scoping	2
scratch	2
screens	2
screenshot	2
searcher	2
security	2
seeing	2
seeking	2
sene	2
sensitivity	2
sentences	2
sequences	2
serfass	2
sheets	2
shoes	2
showing	2
sight	2
signals	2
slides	2
slideshow	2
speculation	2
sphere	2
split	2
spots	2
spreadsheets	2
squeak	2
stairs	2
staple	2
startup	2
stocking	2
storage	2
struggles	2
subcategories	2
subcultures	2
subset	2
summertime	2
supplements	2
surrogates	2
sustainability	2
symonds	2
tablets	2
takeaways	2
talent	2
teachers’	2
telephone	2
television	2
term(s	2
theater	2
thirds	2
through	2
thrust	2
ticketing	2
timeframe	2
timeliness	2
timestamp	2
touchpoint	2
trackrespondentid	2
trading	2
traditionalist	2
trainings	2
transparency	2
triangulation	2
trip	2
turn	2
turnaround	2
typeface	2
umbrella	2
undergrads	2
uniqueness	2
unit	2
updating	2
waiting	2
war	2
waters	2
webinar	2
webmasters	2
well	2
wild	2
wish	2
works	2
writer	2
yield	2
———.	2
+	1
0.0–1.0	1
0.1s	1
00s	1
0x02	1
11th	1
13th	1
1930s	1
1950s	1
1970s	1
1–59	1
2013a	1
2014b	1
21–38	1
24(6	1
33(4	1
35–41	1
3–8	1
4-point	1
4–0	1
69–73	1
70k	1
7169.1999.tb00274.x	1
716–39	1
751–757	1
7–10	1
7–18	1
82–91	1
86(6	1
90s	1
96–98	1
@refinery29	1
\\$	1
^&#]*)|&|#|$	1
_	1
a+	1
a.facebook:hover	1
a.facebook:hover{background-color:#305fb3}.social-icons	1
a.pinterest:hover{background-color:#e1003a}.social-icons	1
a.tumblr:hover{background-color:#44546b	1
a.twitter:hover{background-color:#2daae1}.social-icons	1
a.youtube:hover{background-color:#f33}.social-icons	1
a/?r=${e://field	1
abilities	1
aboutourlibraries	1
aboutus	1
absence	1
abstract	1
abstracts	1
académiques	1
accesses	1
accessory	1
accident	1
accomplishes	1
accomplishment	1
accounts	1
accumulate	1
achievement	1
acknowledgment	1
acquiescent	1
acronym	1
ad	1
adherence	1
adopter	1
adulthood	1
adults	1
advertisements	1
advising	1
advocacy	1
affection	1
affects	1
affiliation	1
affirmative	1
affordances	1
affords	1
afternoon	1
agencies	1
agency	1
agendas	1
ages	1
agnostic	1
agreement	1
aid	1
air	1
airline	1
airplane	1
airport	1
aisles	1
alerts	1
algorithms	1
alignment	1
ambience	1
ambiguity	1
amsterdam	1
analog	1
analyses	1
analyses[5	1
anchors	1
anchors.length	1
anchors[i].hasattribute("role	1
android	1
animation	1
annotate	1
announcements	1
answering	1
ante	1
anthropologist	1
antibiotics	1
antidote	1
aplomb	1
app/.	1
appetite	1
approximation	1
archivists	1
arm	1
around	1
arrangements	1
arrival	1
artists	1
artwork	1
ask	1
asking	1
asks	1
assert	1
assistants	1
asylum	1
atlas.ti	1
atomized”-components	1
attachment	1
auditing	1
audits	1
australia	1
authenticate	1
authentication	1
auto	1
autoethnography	1
automate	1
automation	1
autonomy	1
autoplays	1
availabilities	1
avenue	1
avenues	1
averages	1
b+	1
backend	1
backlog	1
backrub	1
backstory	1
baggage	1
balance	1
ball	1
bandit	1
bang	1
barcode	1
baselines	1
bathroom	1
bathrooms	1
bearer	1
beginnings	1
believer	1
bell	1
benches	1
benchmarks	1
berger	1
bibliographies	1
bildungsroman	1
biographies	1
bite	1
bites	1
blakisto@email.arizona.edu	1
blanks	1
bloc	1
blogging	1
blogs	1
blood	1
blueprint[6	1
bodies	1
body_bytes_sent	1
bolsters	1
bone	1
booking	1
bookmarklet	1
bookshelf	1
bookshelves	1
bookstores	1
books”—but	1
borrowing	1
boundary	1
brackets	1
brain	1
brains	1
brary,’	1
breakdowns	1
breakfast	1
brevity	1
brick	1
brightness	1
broadcasting	1
bubble	1
buck	1
buckets	1
buffer	1
bug	1
bugs	1
build	1
bulb	1
bullet	1
bullets	1
bumper	1
bunker	1
businesses	1
businessman	1
buttons	1
c-	1
caching	1
café	1
calculator	1
callout	1
calorie	1
calories	1
cambridge	1
cameras	1
camping	1
candidate	1
capability	1
capacities	1
capitalist	1
cardboard	1
careers	1
cash	1
cataloger	1
catalogers	1
cataloging	1
catalogue	1
catchall	1
catering	1
causation	1
cause	1
causes	1
caveat	1
caveats	1
celebrity	1
census	1
centrée	1
certificate	1
certificates	1
chains	1
chamber	1
changin’	1
chaos	1
characteristic	1
charges	1
charter	1
chats	1
chatter	1
checklists	1
checkpoints	1
cheese	1
chemistry	1
cherie	1
cherry	1
chips	1
chocolates	1
chord	1
chronology	1
circle	1
cities	1
citizens	1
civilians	1
claims	1
classifications	1
cleanliness	1
climate	1
climber	1
climbing	1
clinicians	1
clipboard	1
cloak	1
cloudlibrary	1
clubs	1
codification	1
coeditor	1
cohesion	1
cohesiveness	1
cohort	1
coining	1
collapse	1
collation	1
colleagues’	1
colnames(qualtrics.df)[5:10	1
combat	1
commentary	1
communicates	1
communicating	1
comparator	1
compatibility	1
compensation	1
competence	1
competencies	1
complaint	1
compliance	1
compliment	1
composite	1
con	1
conception	1
condition	1
conduct	1
conducting	1
confession	1
confidentiality	1
configurations	1
congratulations	1
connects	1
connell	1
consent	1
constellation	1
constituencies	1
constituency	1
constituents	1
construction	1
consultant	1
consultation	1
consultations	1
contacts	1
contention	1
continuity	1
contract	1
contractors	1
contracts	1
contradictions	1
contrary	1
contribution	1
contributions	1
convergence	1
converges	1
conviction	1
coordination	1
copies	1
copyeditor	1
couch	1
countries	1
coupons	1
court	1
coverage	1
cranberry	1
crash	1
create	1
creatures	1
credentials	1
credibility	1
crisis	1
critics	1
critiques	1
crossover	1
crowd	1
crunch	1
crux	1
cryptography	1
cue	1
culmination	1
culprit	1
cup	1
cure	1
curricula	1
curve	1
cushions	1
customization	1
cutler	1
cutover	1
cuts	1
cynicism	1
c’	1
d/%b/%y:%h:%m:%s%z	1
dad	1
dance	1
danger	1
dangers	1
dans	1
dare	1
dares	1
databases’	1
datasets	1
dates	1
daughter	1
deans	1
death	1
debrief	1
debut	1
dedoose	1
defaults	1
defense	1
delay	1
deliberation	1
delight	1
demographics	1
demonstrates	1
demonstrating	1
demonstration	1
demonstrations	1
density	1
dent	1
departure	1
dependency	1
deployment	1
depths	1
designation	1
destination	1
destinations	1
dev	1
developments	1
deviation	1
devotion	1
dialogues	1
dichotomy	1
differentiation	1
difficulties	1
digest	1
directional	1
directive	1
directories	1
directors	1
disagreement	1
discomfort	1
disconnects	1
discount	1
discounts	1
discourse	1
discover	1
discoverability	1
dish	1
dissolution	1
distinctions	1
distractions	1
distributions	1
ditchthesurvey	1
ditto	1
dive	1
divergence	1
dls	1
doctrine	1
document.createattribute("type	1
document.createattribute("value	1
doi:10.1007/s10618	1
doi:10.1016/j.jretconser.2011.11.001	1
doi:10.1080/01449290110083602	1
doi:10.1080/10447318.2015.1064654	1
doi:10.1080/19322909.2011.623538	1
doi:10.1080/19322909.2013.747366	1
doi:10.1108/03074801111136275	1
doi:10.1108/pmm-04	1
doi:10.1108/rsr-11	1
doi:10.1136/amiajnl-2013	1
doi:10.1186/1472	1
doi:10.1186/s13012	1
dollars	1
donation	1
donors	1
doorways	1
dose	1
doubt	1
down	1
downside	1
drag	1
drivers	1
driving	1
drm	1
duplicate	1
e1003a	1
e107	1
e107–e116	1
ears	1
easels	1
echo	1
echoes	1
economies	1
economy	1
ecosystems	1
edits	1
edu	1
educator	1
educators	1
efficiency	1
election	1
elicit	1
elicitation	1
eliminate	1
emails	1
emancipatory	1
embeds	1
emergence	1
emerges	1
emotions	1
empower	1
emulation	1
encapsulates	1
encodeuricomponent(anchors[i].textcontent	1
encoding	1
encore	1
endeavor	1
endedness	1
engagements	1
engenders	1
enjoyment	1
enrollment	1
ensuring	1
entertainment	1
enthusiasts	1
entities	1
entrances	1
entries	1
ep	1
epic	1
equivalents	1
era	1
ers	1
essay	1
etches	1
ethics	1
everyday	1
evoke	1
evokes	1
evolves	1
examine	1
excels	1
excerpts	1
exchange	1
exchanges	1
exclusivity	1
excuses	1
exercises	1
exhibits	1
expanded.df	1
expansion	1
expenditures	1
expirations	1
exploratory	1
explosion	1
exterior	1
externalities	1
extremes	1
f.[4	1
facilitates	1
facilitation	1
facilitators	1
facility	1
fail	1
failures	1
faith	1
false	1
families	1
fangs	1
faq	1
faster	1
fat	1
fatigue	1
favorite	1
feat	1
feats	1
feel	1
fees	1
femurs	1
fetish	1
ff3333	1
fi	1
fighting	1
fill	1
finances	1
find	1
finder	1
fine	1
finger	1
fingerprinting	1
finish	1
firm	1
firstclick	1
fix	1
fixation	1
flags	1
flavor	1
flaws	1
flight	1
flipside	1
flood	1
fluency	1
folk	1
fontobject	1
food	1
fool	1
fools	1
footage	1
footer	1
footprint	1
foraging	1
forces	1
forethought	1
formation	1
formatting	1
forms[i].action.substr(0	1
formulas	1
founding	1
fountain	1
fraction	1
freelancing	1
fridge	1
friendliness	1
frontload	1
fruition	1
fullness	1
funology	1
furnishings	1
gain	1
game	1
gatekeeper’	1
gathers	1
gender	1
generalization	1
genres	1
gesture	1
get	1
getparameterbyname("q	1
gif	1
globe	1
glut	1
good	1
gossip	1
governance	1
grade	1
grain	1
granularity	1
grasshopper	1
gravity	1
greatness	1
green	1
greeting	1
grep(sprintf("%s_%s	1
grounding	1
groupings	1
guest	1
guru	1
h	1
hackers	1
hallway	1
hamburger	1
handbook	1
handing	1
handle	1
hangouts	1
hapless	1
harter	1
hats	1
headcounts	1
headlines	1
headsets	1
hearts	1
heath	1
heatmap	1
heed	1
heuristics	1
hiatus	1
hierarchies	1
highlight	1
highlighters	1
highlights	1
highs	1
highway	1
hint	1
hippo	1
histograms	1
histories	1
hogan	1
hold	1
holders	1
homepage[3	1
homework	1
hood	1
hopeful	1
hopes	1
horizon	1
horse	1
host	1
http://0-common.books24x7.com.library.simmons.edu/toc.aspx?bookid=51014	1
http://abbytheia.com/wordpress/wp-content/uploads/2012/04/poster_readable.jpg	1
http://acrl.ala.org/ilstandards/	1
http://cssminifier.com/	1
http://designingforperformance.com/basics-of-page-speed/#requests	1
http://designingforperformance.com/optimizing-images/	1
http://difference.is	1
http://digiday.com/publishers/gq-com-cut-page-load-time-80-percent/	1
http://doi.org/10.1080/15228959.2014.904210	1
http://doi.org/10.1080/15420353.2011.622456	1
http://doi.org/10.15788/m23w2g	1
http://dx.doi.org/10.1007/978-3-7643-8140-0_244	1
http://dx.doi.org/10.3998/weave.12535642.0001.802	1
http://ejournals.library.ualberta.ca/index.php/eblip/article/view/19544/15214	1
http://en.wikipedia.org/wiki/list_of_http_header_fields	1
http://fresnostate.edu/socialsciences/anthropology/documents/ipa/thelibrarystudy(delcoremulloolyscroggins).pdf	1
http://liveworkstudio.com/	1
http://lj.libraryjournal.com/2016/04/opinion/aaron-schmidt/data-driven-design-the-user-experiencehttp://lj.libraryjournal.com/2016/04/opinion/aaron-schmidt/data-driven-design-the-user-experience	1
http://mcfunley.com/design-for-continuous-experimentation	1
http://moz.com/blog/from-keywords-to-contexts-the-new-query-model	1
http://undercoverux.com/manifesto.php	1
http://unminify.com/	1
http://uxpajournal.org/assessing-usability-metric-umux-scale/	1
http://uxpajournal.org/the-system-usability-scale-and-non-native-english-speakers/	1
http://www.31volts.com/2010/05/the-service-blueprints-overview/	1
http://www.3playmedia.com/2015/08/28/who-uses-closed-captions-not-just-the-deaf-or-hard-of-hearing/	1
http://www.cooper.com/journal/2001/08/perfecting_your_personas	1
http://www.crazyegg.com/	1
http://www.creativebloq.com/web-design/beyond-responsive-design-discover-context-driven-design-8134226	1
http://www.educause.edu/ero/article/commuter-students-using-technology	1
http://www.fastcodesign.com/3045039/the-next-big-thing-in-design-fewer-choices	1
http://www.inthelibrarywiththeleadpipe.org/2015/ditchthesurvey-expanding-methodological-diversity-in-lis-research/	1
http://www.jnd.org/dn.mss/personas_empath.html	1
http://www.lib.ncsu.edu/reports/suma	1
http://www.lib.ncsu.edu/userstudies/studies/2010personainterviewsredesign	1
http://www.measuringu.com/blog/prior-exposure.php	1
http://www.nltk.org/.	1
http://www.pinterest.com/kooj/personas/	1
http://www.servicedesigntools.org/tools/35	1
http://www.telize.com/	1
http://www.uxbooth.com/articles/writing-user-friendly-content/	1
http://www.webcitation.org/6gufy99zf	1
http://www.webperformance.com/load-testing/blog/2010/06/microsoft-affirms-the-importance-of-web-performance/	1
http_referer	1
http_user_agent	1
https://abtest.library.appstate.edu/var-a/about/?r=r_123_q1	1
https://blog.twitter.com/2013/experiments-twitter	1
https://developer.mozilla.org/en-us/docs/web/api/geolocation/using_geolocation	1
https://developer.yahoo.com/performance/rules.html#gzip	1
https://developer.yahoo.com/performance/rules.html#js_bottom	1
https://developers.google.com/speed/docs/insights/about	1
https://developers.google.com/speed/docs/insights/blockingjs	1
https://developers.google.com/speed/docs/insights/enablecompression	1
https://developers.google.com/speed/docs/insights/optimizecssdelivery	1
https://developers.google.com/speed/docs/insights/optimizeimages	1
https://doi.org/10.1108/07378831211266609	1
https://github.com/jasonclark/search-ux	1
https://imageoptim.com/	1
https://responsivedesign.is/articles/reducing-image-sizes	1
https://speakerdeck.com/bretdavidson/the-suma-project-integrating-observational-data-assessment-into-space-and-service-design	1
https://stackoverflow.com/questions/901115/how-can-i-get-query-string-values-in-javascript	1
https://stackoverflow.com/users/1045296/code-spy	1
https://www	1
https://www.lib.montana.edu/~jason	1
https://www.lib.montana.edu/~jason/files/search-ux/	1
https://www.lib.montana.edu/~jason/files/search-ux/privacy.html	1
https://www.lib.ncsu.edu/reports/suma	1
https://www.nngroup.com/articles/how-users-read-on-the-web/	1
https://www.nngroup.com/articles/quantitative-studies-how-many-users/	1
https://www.nngroup.com/articles/ux-without-user-research/	1
https://www.preater.com/2016/06/11/why-dont-libraries-share-the-results-of-ux-work	1
https://www.w3.org/standards/webdesign/accessibility	1
https://www.w3.org/wai/eval/overview.html	1
humanity	1
humans	1
hunger	1
hurdles	1
hurry	1
hyperincursion	1
hyperlink	1
i1	1
i2	1
ibeacon	1
icon	1
id	1
id#33	1
ideo	1
ideology	1
ignorance	1
ii	1
illustration	1
illustrations	1
imagination	1
immigrant	1
impairment	1
impediments	1
imperfect	1
implements	1
impulse	1
income	1
inconvenience	1
incursion	1
indemnification	1
indication	1
indices	1
indictment	1
individuals’	1
inescapability	1
infancy	1
inference	1
influences	1
inform	1
informality	1
infrequent	1
initiation	1
inmates	1
innovations	1
innovator	1
innovators	1
inputs	1
insiders	1
instinct	1
institutionalization	1
instruct	1
instructor	1
instructors	1
instruments	1
integrity	1
intelligences	1
intensities	1
inter	1
intermediation	1
intern	1
interpolation	1
interpret	1
interruption	1
interval	1
intervention	1
interventions	1
intimidation	1
introspection	1
introvert	1
intuition	1
inventory	1
inverse	1
investigator	1
invisibility	1
invitations	1
ip	1
ipads	1
ir	1
irony	1
irrelevancy	1
ish	1
jerky	1
jobs	1
join	1
joke	1
jpeg	1
jpg	1
json	1
jsonlint	1
judgment	1
jump	1
junior	1
junk	1
jurisdiction	1
justice	1
juxtaposition	1
juxtapositions	1
khodabandelou	1
kid	1
kids’	1
kinda	1
kindergarten	1
knotty	1
knowbots	1
knowledgebase	1
l	1
l''utilisateur	1
labelling	1
landmark	1
lane	1
lap	1
laptops	1
layman	1
leaders	1
leads	1
leap	1
learn	1
leg	1
legacy	1
legs	1
legwork	1
lemonade	1
lenses	1
lettering	1
letters	1
lewins	1
li	1
liability	1
liberties	1
libraries@cambridge	1
libri	1
libsuccess.org/m-libraries	1
licensors	1
lieu	1
lifting	1
lightning	1
linguistics	1
linkage	1
linköping	1
lip	1
listicles	1
listing	1
litigation	1
litmus	1
living	1
loans	1
locals	1
location?”[10	1
lockstep	1
logging	1
login	1
logistics	1
longitude	1
lookout	1
loop	1
loops	1
loudness	1
lows	1
lunches	1
lunchtime	1
lure	1
magazine	1
magazines	1
magic	1
mailings	1
mainstream	1
make	1
makeover	1
maker	1
makers	1
makerspace	1
makeup	1
malls	1
map/.	1
margins	1
markers	1
marketability	1
marketers	1
marketplaces	1
markov	1
masse	1
matches	1
matching	1
matrix/.	1
matures	1
maturity	1
maxims	1
maximum	1
maze	1
mbps	1
meal	1
mean	1
mechanisms	1
medicine	1
mediums	1
memberships	1
memo	1
memoranda	1
mentality	1
mention	1
merge(qualtrics.df	1
merits	1
meshes	1
metacognition	1
metaphor	1
methotrexate	1
microcosm	1
microfiche	1
microlocation	1
microphone	1
microwaves	1
mid-2000s	1
mihoko	1
mile	1
min.js	1
mine	1
minority	1
minute	1
mirage	1
misconception	1
mismatches	1
misperceptions	1
mixture	1
mobiles	1
mobility	1
mock	1
mod_python	1
modem	1
moderator	1
modes’	1
modification	1
modules	1
monikers	1
monitor	1
monitors	1
moon	1
mothras	1
motivators	1
mouse	1
movements	1
movies	1
msg	1
multichannel	1
multifunction	1
multimedia	1
multiplying	1
multipurpose	1
murder	1
music	1
mythology	1
myths	1
n.d	1
n=79	1
na.omit(expanded.df	1
na.strings	1
nameattribute	1
naming	1
nap	1
negativity	1
negotiation	1
negotiations	1
nerd	1
newcomers	1
newfound	1
newspaper	1
niche	1
ninja	1
no	1
nod	1
north	1
nostalgia	1
notation	1
notetaker	1
notices	1
nots	1
nuance	1
nutshell	1
objections	1
obligation	1
obligations	1
obstacles	1
occurrences	1
odds	1
offering	1
offers	1
officer	1
ons	1
oomph	1
open	1
openness	1
opentype	1
operation	1
operations	1
operator	1
opposition	1
optimisation	1
optimize	1
opts	1
ordering	1
orders	1
organisms	1
organizations’	1
orientations	1
origin	1
out	1
outage	1
outlet	1
outliers	1
outputs	1
outs	1
outside	1
outsider	1
outsourcing	1
ovens	1
overlaps	1
oversight	1
oyster	1
p	1
p.1	1
p.13	1
p.94	1
p.m	1
packets	1
pageviews	1
painpoints	1
palette	1
panoply	1
paperwork	1
par	1
paradigm	1
paradigms	1
paradise	1
parallel	1
paralysis	1
paris	1
partner	1
paste0(server.log.df$v4	1
path/.	1
path_as_list	1
paths	1
patootie	1
patrons’	1
pause	1
pc	1
pcs	1
pdfs	1
peers’	1
pencils	1
penny	1
pens	1
people.’	1
pep	1
perfmatters	1
performance/.	1
performing	1
perils	1
persist	1
persistence	1
personae	1
personalities	1
phenomena	1
phillips	1
philosopher	1
philosophy/.	1
photograph	1
photography	1
physician	1
piaac	1
pigeon	1
pipes	1
pitfalls	1
pity	1
pixel	1
plane	1
playback	1
playfulness	1
plays	1
pleasure	1
plethora	1
plugin	1
plugs	1
png	1
podcasts	1
pointing	1
poles	1
police	1
politics	1
poll	1
popup	1
portfolio	1
portrait	1
positioning	1
positives	1
posixlt	1
posixlt(server.log.df$v4	1
poster	1
posts	1
powers	1
pre	1
preamble	1
precedence	1
precedents	1
preconceptions	1
predictions	1
predominant	1
prefers	1
premise	1
prescription	1
preservation	1
pressure	1
pressures	1
pretesting	1
prevalence	1
prey	1
prices	1
priestner	1
primer	1
primers	1
printer	1
prints	1
prioritization	1
privileges	1
prix	1
prizes	1
probability	1
processing	1
proclaiming	1
productivity	1
proficiency	1
profiles	1
proliferation	1
prominence	1
pronoun	1
property	1
proponent	1
prospects	1
prosthetics	1
prototype[11	1
proxy	1
psu	1
pt	1
ptst115	1
publicity	1
publics	1
pun	1
purchases	1
push	1
pushbutton	1
pushbuttons	1
puzzle	1
python	1
qtoken	1
qualtrics	1
qualtrics.df$responseid	1
quantifications	1
query.lower	1
quest	1
questioners	1
questioning	1
queue	1
queues	1
quieter	1
quotation	1
r_123	1
racer	1
rank	1
rankings	1
ranks	1
rantings	1
rate[4	1
rater	1
ratio	1
ratios	1
read.csv("server_log_data.csv	1
realities	1
rearing	1
recall	1
reconfiguration	1
recruiter	1
red	1
reduction	1
referencing	1
refinements	1
reflections	1
reform	1
reframing	1
refusal	1
regard	1
regards	1
regex.exec(url	1
regulations	1
reinforcement	1
relations	1
release	1
remain	1
remainder	1
reminiscences	1
removal	1
repair	1
repeat	1
replay	1
represent	1
representative	1
representatives	1
requirement	1
resent	1
reshape	1
resident	1
residents	1
resolver	1
resort	1
respondent.log$resource	1
responders	1
responseids	1
results—	1
resume	1
retailing	1
retention	1
retrospective	1
returns	1
revenue	1
reviewer	1
reviews	1
rhythm	1
ribbon	1
ride	1
rinse	1
riot	1
rivalry	1
rivals	1
road	1
robotics	1
rock	1
rocket	1
rogers	1
rooftops	1
rose	1
rotates	1
rotations	1
rote	1
route	1
routine	1
routing	1
ruleset	1
ruminants	1
run	1
rundown	1
runners	1
runs	1
safety	1
sage	1
sake	1
sale	1
salient	1
salt	1
sapply(unlist(requests	1
saturation	1
sauce	1
saver	1
scanner	1
scene	1
scenes	1
schema	1
schemas	1
scholar	1
scholarship	1
schoolers	1
schuman	1
schwartz	1
scientist	1
screencap	1
scripting	1
scrolling	1
scrutiny	1
sea	1
searchability	1
searchers	1
secret	1
secrets	1
secs	1
seekers	1
selections	1
sell	1
selves	1
sentence	1
sentiments	1
serendipity	1
seriousness	1
serpentine	1
servdes.2009	1
server.log.df$v4	1
server.log.df$v5	1
server.log.df$v6	1
severity	1
shadow	1
shapeshifter	1
shebang	1
shh	1
shifts	1
shirky	1
shortage	1
shortcuts	1
shortfalls	1
shostack	1
show	1
sic	1
sides	1
signature	1
signifier	1
signifies	1
silo	1
siloed	1
siloing	1
silver	1
similarity	1
simplye	1
simulation	1
sirsidynex	1
sitemap	1
sitting	1
skeletons	1
skepticism	1
slash	1
sleeping	1
slide	1
slider	1
slot	1
slowness	1
slump	1
smayden@email.arizona.edu	1
smoking	1
snapshots	1
snippets	1
snowflake	1
soapbox	1
soar	1
sociality	1
societies	1
sociology	1
sorters	1
sound	1
spam	1
span	1
speaking	1
specials	1
spectator	1
spirit	1
sponsoring	1
sport	1
sports	1
stake	1
stakeholders,[3	1
stall	1
stance	1
standardization	1
standby	1
stands	1
standups	1
stapler	1
staplers	1
star	1
starters	1
startups	1
static	1
station	1
stempler	1
stereotype	1
stereotypes	1
sticker	1
stimulus	1
stink	1
stock	1
stop	1
store	1
storyboards	1
storytelling	1
strands	1
stranger	1
strangers	1
stream	1
streets	1
strides	1
stringsasfactors	1
structural	1
struggle	1
students’	1
stumbling	1
stupid’	1
stylesheets	1
styling	1
subcommittees	1
subdomains	1
subfields	1
subjects’	1
submissions	1
submitters	1
subscriber	1
subtasks	1
subtitles	1
suburbs	1
successfulness	1
suite	1
sujets	1
summation	1
supervisor	1
supervisors	1
supplier	1
supply	1
surgery	1
surplus	1
surrogate	1
surveillance	1
sweat	1
swing	1
switch	1
syllables	1
symbols	1
symposium	1
sync	1
synonyms	1
syntax	1
sysadmin	1
systemwide	1
tactic	1
tag	1
taking	1
talkers	1
tank	1
tap	1
tape	1
taskscapes	1
taxonomies	1
tdm	1
teachability	1
teacher	1
teen	1
teens	1
telepathy	1
temp	1
temperature	1
temptation	1
tends	1
tensions	1
test(s	1
test/.	1
testers	1
testing/.	1
textbook	1
textbooks	1
texter	1
texts	1
thence	1
theories	1
theorist	1
therewith	1
thons	1
thread	1
threads	1
threats	1
thumbnail	1
ticket	1
tidal	1
tiers	1
timeframes	1
timelines	1
timestamps	1
timing	1
timings	1
tip	1
tl;dr	1
token	1
tokenization	1
tome	1
tomorrow	1
ton	1
tonight	1
totality	1
touchscreen	1
tourist	1
toys	1
trackers	1
trade	1
trail	1
train	1
trainers	1
trait	1
traits	1
transcribe	1
transcribing	1
transit	1
translation	1
trap	1
travel	1
travelers	1
tread	1
treasure	1
trees	1
trinity	1
triumph	1
trove	1
truetype	1
truism	1
ttf	1
tti	1
tv	1
tweak	1
tweaking	1
tweaks	1
tweens	1
tweeting	1
twitterverse	1
typeattribute	1
u	1
underestimate	1
undergoes	1
underpinning	1
underscore	1
unique	1
untoward	1
update	1
ups	1
upshot	1
uptick	1
urgency	1
useragent	1
usernames	1
usu	1
utilisations	1
uuid	1
uxers	1
v	1
v2	1
vala	1
validates	1
valueattribute	1
variability	1
variants	1
vein	1
venture	1
venue	1
viability	1
vice	1
victories	1
viewers	1
viewpoint	1
viewpoints	1
vii	1
village	1
virality	1
vision/.	1
visioning	1
visions	1
visitor	1
visual	1
visuals	1
vnd.ms	1
void	1
volumes	1
vulnerabilities	1
w3c.	1
wake	1
walks	1
wardrobe	1
warning	1
wayside	1
weavers	1
webcast	1
webex	1
webmaster	1
webpages	1
wedding	1
weekday	1
weekend	1
welcome	1
whence	1
whereafter	1
wherewithal	1
whim	1
wicket	1
width	1
win	1
window.location.href	1
window.navigator	1
windshield	1
wins	1
wipers	1
woff	1
woman	1
women	1
workbook	1
workings	1
workplaces	1
worldview	1
worries	1
wrench	1
write	1
writers	1
wry	1
wysiwyg	1
x	1
xvii	1
yellows	1
yesssss	1
yesterday	1
youcanbook.me	1
yourselves	1
zeitgeist	1
zip	1
|	1
étude	1
–ed	1
’s	1
