quintgram	frequency
journal of library user experience	46
openaccess peerreviewed journal for library	37
permissions this work is licensed	37
experience professionals published by michigan	37
doi citation information volume issue	37
archive download epubs submit to	37
peerreviewed journal for library user	37
an openaccess peerreviewed journal for	37
attribution license permissions this work	37
this work in a way	37
division of the university of	37
doi httpdxdoiorg weave creative commons	37
commons attribution license permissions this	37
follow us twitter email rss	37
for more information read michigan	37
issue doi httpdxdoiorg weave creative	37
issue vol issue archive download	37
access and usage policy print	37
is licensed under a creative	37
skip other details including permanent	37
httpdxdoiorg weave creative commons attribution	37
creative commons attribution license permissions	37
license permissions this work is	37
skip to quick search skip	37
to global navigation journal of	37
michigan publishing quick search current	37
library issn about editorial board	37
other details including permanent urls	37
by michigan publishing a division	37
current issue vol issue archive	37
use this work in a	37
under a creative commons attribution	37
and usage policy print share	37
of page hosted by michigan	37
michigan publishings access and usage	37
this work is licensed under	37
for library user experience professionals	37
quick search current issue vol	37
navigation journal of library user	37
to use this work in	37
global navigation journal of library	37
licensed under a creative commons	37
page hosted by michigan publishing	37
search skip to global navigation	37
covered by the license for	37
policy print share twitter facebook	37
content skip to quick search	37
way not covered by the	37
board editorial philosophy contact log	37
publishing a division of the	37
print share twitter facebook reddit	37
vol issue archive download epubs	37
in follow us twitter email	37
by the license for more	37
work in a way not	37
michigan library issn about editorial	37
editorial philosophy contact log in	37
journal for library user experience	37
skip to main content skip	37
details including permanent urls doi	37
more information read michigan publishings	37
library user experience weave is	37
hosted by michigan publishing a	37
user experience professionals published by	37
read michigan publishings access and	37
information read michigan publishings access	37
to main content skip to	37
michigan publishing a division of	37
volume issue doi httpdxdoiorg weave	37
publishing quick search current issue	37
search current issue vol issue	37
philosophy contact log in follow	37
in a way not covered	37
including permanent urls doi citation	37
of library user experience weave	37
is an openaccess peerreviewed journal	37
main content skip to quick	37
urls doi citation information volume	37
a division of the university	37
license please contact mpubhelpumichedu to	37
not covered by the license	37
information volume issue doi httpdxdoiorg	37
issue archive download epubs submit	37
professionals published by michigan publishing	37
a way not covered by	37
by michigan publishing quick search	37
license for more information read	37
download epubs submit to weave	37
the license for more information	37
published by michigan publishing quick	37
contact log in follow us	37
experience weave is an openaccess	37
of michigan library issn about	37
citation information volume issue doi	37
work is licensed under a	37
university of michigan library issn	37
of the university of michigan	37
weave creative commons attribution license	37
user experience weave is an	37
about editorial board editorial philosophy	37
top of page hosted by	37
log in follow us twitter	37
publishings access and usage policy	37
issn about editorial board editorial	37
contact mpubhelpumichedu to use this	37
weave is an openaccess peerreviewed	37
permanent urls doi citation information	37
please contact mpubhelpumichedu to use	37
to quick search skip to	37
editorial board editorial philosophy contact	37
the university of michigan library	37
library user experience professionals published	37
quick search skip to global	37
usage policy print share twitter	37
share twitter facebook reddit mendeley	37
mpubhelpumichedu to use this work	37
skip to global navigation journal	37
a creative commons attribution license	34
attribution license please contact mpubhelpumichedu	34
commons attribution license please contact	34
creative commons attribution license please	34
was refereed by weaves peer	15
refereed by weaves peer reviewers	15
paper was refereed by weaves	15
this paper was refereed by	15
mendeley this paper was refereed	13
facebook reddit mendeley this paper	13
twitter facebook reddit mendeley this	13
reddit mendeley this paper was	13
where would you click to	12
university skip other details including	10
would you click to find	10
by weaves peer reviewers abstract	10
weave journal of library user	9
state university skip other details	8
undergraduate students in history class	8
step the pagespeed insights score	7
to and the yslow score	7
the pagespeed insights score increased	7
association of college and research	7
library undergraduate student workers n	7
increased from to and the	7
archived by webcite at httpwwwwebcitationorg	7
from to and the yslow	7
students in history class n	7
score increased from to and	7
after this step the pagespeed	7
the web performance enhancement plan	7
pagespeed insights score increased from	7
of usability studies retrieved from	7
creating a culture of usability	7
journal of usability studies retrieved	7
insights score increased from to	7
this step the pagespeed insights	7
of college and research libraries	7
population digital library digital collections	6
public librarians n total n	6
n usu library staff n	6
a ux team of one	6
workers n general undergraduate students	6
local public librarians n total	6
history collections library undergraduate student	6
to improve the user experience	6
undergraduate students n undergraduate students	6
website and system usability testing	6
in libraries applying ethnography and	6
the journal of academic librarianship	6
user experience in libraries applying	6
and the yslow score increased	6
student workers n general undergraduate	6
digital history collections library undergraduate	6
history class n community members	6
experience in libraries applying ethnography	6
n local public librarians n	6
yslow score increased from to	6
class n community members n	6
n community members n usu	6
collections digital archives digital history	6
library digital collections digital archives	6
digital collections digital archives digital	6
general undergraduate students n undergraduate	6
archives digital history collections library	6
table where would you click	6
undergraduate student workers n general	6
collections library undergraduate student workers	6
digital library digital collections digital	6
library staff n local public	6
n general undergraduate students n	6
staff n local public librarians	6
community members n usu library	6
members n usu library staff	6
user experience team of one	6
digital archives digital history collections	6
the user experience team of	6
n undergraduate students in history	6
in history class n community	6
the yslow score increased from	6
library website and system usability	6
usu library staff n local	6
students n undergraduate students in	6
undergraduate research project at the	5
x x x x x	5
over the course of a	5
to improve the ux of	5
percent kb to kb after	5
kb after this step the	5
of the system usability scale	5
research project at the university	5
project at the university of	5
north carolina state university libraries	5
the usability metric for user	5
towards a culture of usability	5
by percent kb to kb	5
usability metric for user experience	5
how libraries can use it	5
at the university of rochester	5
to kb after this step	5
kb to kb after this	5
applying ethnography and humancentered design	5
libraries applying ethnography and humancentered	5
journal of web librarianship doi	5
of the study was to	5
the system usability scale sus	4
library user experience with ab	4
of the library user experience	4
ethnographish the state of the	4
librarians n total n table	4
web performance enhancement plan i	4
the state of the ethnography	4
twitter facebook reddit mendeley introduction	4
web usability and space design	4
as the umux umuxlite or	4
weaves peer reviewers abstract this	4
ux moment a weave digital	4
eliminate renderblocking javascript and css	4
there are a number of	4
in the web performance enhancement	4
college libraries and student culture	4
library website about pages n	4
techniques techniques resource and time	4
eds studying students the undergraduate	4
experience with ab testing principles	4
students the undergraduate research project	4
studying students the undergraduate research	4
a culture of usability and	4
usability skills throughout the organization	4
twitter facebook reddit mendeley in	4
increased from to further reading	4
time intensive bias credibility buyin	4
epubs submit to weave a	4
score increased from to further	4
ab testing principles and process	4
website homepages and about pages	4
code lib journal retrieved from	4
at the same time as	4
the ux of library space	4
the umux umuxlite or suprq	4
n total n table where	4
library web performance enhancement plan	4
moment a weave digital panel	4
with ab testing principles and	4
student culture what we now	4
reduced page weight by percent	4
for library website about pages	4
user experience with ab testing	4
the undergraduate research project at	4
improving library user experience with	4
total n table where would	4
culture what we now know	4
such as the umux umuxlite	4
a weave digital panel part	4
page weight by percent kb	4
recommended research techniques techniques resource	4
us twitter email rss a	4
and time intensive bias credibility	4
in order to create a	4
the ux moment a weave	4
website or system being tested	4
n table where would you	4
lack of awareness of resources	4
of library user experience doi	4
at wayne state university libraries	4
state of the ethnography in	4
to rank the importance of	4
of the ethnography in libraries	4
weight by percent kb to	4
to interact with the library	4
and student culture what we	4
research techniques techniques resource and	4
techniques resource and time intensive	4
the sus into usability testing	4
in proceedings of the th	4
by weaves peer reviewers introduction	4
resource and time intensive bias	4
international journal of humancomputer interaction	4
libraries and student culture what	4
of a product or service	3
usability lowbarrier solutions for the	3
site journal of web librarianship	3
a content delivery network cdn	3
it is important to remember	3
chicago association of college and	3
documenting the conversation they might	3
at the center of the	3
journal of web librarianship httpdoiorg	3
approach to web usability and	3
from pagespeed insights and between	3
start as is the increasing	3
libraries in a ux moment	3
a longer period of time	3
asher a d miller s	3
and documenting the conversation they	3
and from pagespeed insights and	3
diy usability lowbarrier solutions for	3
can libraries share stories of	3
sets of throughout the data	3
use a content delivery network	3
what is your ultimate impression	3
we call it ux ethnography	3
meaningful changes weave is a	3
the american society for information	3
whats in a name does	3
insights and between and from	3
research in illinois academic libraries	3
conversation below unfolded over email	3
add money to your account	3
that actually helps other libraries	3
of initial facets for a	3
when asked to rank the	3
of the th acm sigkdd	3
its ability to provide quantitative	3
for user experience interacting with	3
the conversation below unfolded over	3
how can libraries share stories	3
user experience design to your	3
your ultimate impression of the	3
scored an average between and	3
libraries share stories of their	3
performance of library websites and	3
libraries skip to main content	3
with the hope of instigating	3
d reimagining the users experience	3
an average between and from	3
can we take this further	3
least thats been my experience	3
usability testing and user experience	3
actually helps other libraries implement	3
journal retrieved from httpsjournalcode liborgarticles	3
to be part of the	3
city university of new york	3
website about pages n figure	3
a name does it really	3
international conference on knowledge discovery	3
libraries implement meaningful changes weave	3
reached out to a number	3
important number to least important	3
the library and information science	3
name does it really matter	3
users experience an ethnographic approach	3
purpose of the study was	3
on library and information resources	3
least important number the results	3
as is the increasing popularity	3
lanclos d reimagining the users	3
epubs submit to weave the	3
of throughout the data summaries	3
about pages n figure histogram	3
weave is a great start	3
metric for user experience interacting	3
international license please contact mpubhelpumichedu	3
instigating and documenting the conversation	3
pagespeed insights fig and yslow	3
knowledge discovery and data mining	3
the hope of instigating and	3
below unfolded over email between	3
how our users interact with	3
ethnographic research in illinois academic	3
of the american society for	3
and between and from yslow	3
the results were fig library	3
is important to remember that	3
matthew reidsma web services librarian	3
insights fig and yslow fig	3
they might have with one	3
out to a number of	3
participant expressed that a term	3
web site journal of web	3
nielson norman group retrieved from	3
popularity of ux sessions at	3
average between and from pagespeed	3
it ux ethnography or service	3
using the system usability scale	3
lib journal retrieved from httpsjournalcode	3
moving to a new community	3
is a great start as	3
discovery and data mining pp	3
of information and library science	3
for the purposes of this	3
library skip other details including	3
library user experience doi httpdxdoiorg	3
how would you describe your	3
you feel what was your	3
asked to rank the importance	3
in the context of the	3
and space design reference services	3
useful usable desirable applying user	3
design to your library chicago	3
acm sigkdd international conference on	3
ethnographic approach to web usability	3
l m asher a d	3
to a greater degree than	3
creative commons attribution international license	3
interacting with computers doi jintcom	3
libraries journal of web librarianship	3
expressed that a term was	3
attribution international license please contact	3
desirable applying user experience design	3
gibbons s eds studying students	3
understanding of users and their	3
in a way that actually	3
proceedings of the th acm	3
into library website and system	3
reimagining the users experience an	3
experience an ethnographic approach to	3
data as soon as possible	3
journal of the american society	3
selected as a measure of	3
through the creation of a	3
choosing sets of throughout the	3
in a name does it	3
number to least important number	3
success in a way that	3
in order to better understand	3
five laws of library science	3
hope of instigating and documenting	3
th acm sigkdd international conference	3
at library conferences but how	3
how many users to test	3
conference on knowledge discovery and	3
links on the library homepage	3
call it ux ethnography or	3
improve the ux of library	3
using query analysis and machine	3
the system usability scale and	3
the needs of our users	3
other forms of user research	3
do you want to know	3
make you feel what was	3
the th acm sigkdd international	3
space use data to improve	3
library conferences but how can	3
participatory design in academic libraries	3
other libraries implement meaningful changes	3
for library website homepages n	3
helps other libraries implement meaningful	3
way that actually helps other	3
a creative commons attribution international	3
library website homepages and about	3
experience design to your library	3
when the participant expressed that	3
of ux sessions at library	3
a way that actually helps	3
of their ux success in	3
the conversation they might have	3
figure front and back of	3
with the system usability scale	3
conversation they might have with	3
sessions at library conferences but	3
great start as is the	3
might have with one another	3
the purpose of the study	3
what was your first impression	3
of checking out a book	3
in library and general literature	3
sigkdd international conference on knowledge	3
a useful usable desirable applying	3
borsci et al note that	3
it is important to have	3
social desirability bias interviewer bias	3
reidsma web services librarian grand	3
save the time of the	3
being tested rather than a	3
but how can we take	3
the increasing popularity of ux	3
weave reached out to a	3
commons attribution international license please	3
implement meaningful changes weave is	3
applying user experience design to	3
ability to provide quantitative user	3
an ethnographic approach to web	3
weight percent kb to kb	3
ux sessions at library conferences	3
caching eliminate renderblocking javascript and	3
how can we take this	3
pages n figure histogram of	3
great library ux ideas under	3
important number the results were	3
all aspects of the library	3
share stories of their ux	3
of instigating and documenting the	3
what we now know chicago	3
throughout the data summaries for	3
between and from pagespeed insights	3
lowbarrier solutions for the busy	3
culture of usability and user	3
the social activity space of	3
of time studying in the	3
the performance of library websites	3
from most important number to	3
use data to improve the	3
are libraries in a ux	3
rules scored an average between	3
a great start as is	3
society for information science and	3
figure when asked to rank	3
american society for information science	3
how to add money to	3
usability and space design reference	3
montana state university skip other	3
experience interacting with computers doi	3
users not just those with	3
solutions for the busy librarian	3
to add money to your	3
user experience doi httpdxdoiorg weave	3
to least important number the	3
changes weave is a great	3
twitter facebook reddit mendeley abstract	3
yes social desirability bias interviewer	3
in library website and system	3
dc council on library and	3
s eds studying students the	3
the library as a place	3
dropoff rate and homepagereturn rate	3
we were able to use	3
of the library was designed	3
godfrey kavanagh webb et al	3
scored based on the selection	3
us twitter email rss the	3
pagespeed insights and between and	3
space design reference services review	3
all users not just those	3
web performance enhancement plan that	3
as a measure of the	3
of usability and user experience	3
is your ultimate impression of	3
query analysis and machine cues	3
number the results were fig	3
that can be used to	3
the context of user experience	3
the student experience of the	3
there are a lot of	3
a great deal of time	3
to web usability and space	3
browser caching eliminate renderblocking javascript	3
feel what was your first	3
council on library and information	3
a selection of equals points	3
pagespeed insights score yslow score	3
the library as well as	3
search interface with http header	3
ux success in a way	3
stories of their ux success	3
librarian grand valley state university	3
number on the scale is	3
the website or system being	3
as well as how they	3
it is important to be	3
usable desirable applying user experience	3
at utah state university libraries	3
at least thats been my	3
their ux success in a	3
university libraries skip other details	3
data to improve the ux	3
screenshot of initial facets for	3
web services librarian grand valley	3
ptst student participant id from	3
the participant expressed that a	3
improve the student experience of	3
on knowledge discovery and data	3
conferences but how can we	3
figure screenshot of initial facets	3
the users experience an ethnographic	3
ux ethnography or service design	3
washington dc council on library	3
the university of technology sydney	3
increasing popularity of ux sessions	3
most important number to least	3
user experience interacting with computers	3
collecting space use data to	3
for information science and technology	3
duke l m asher a	3
the library design team to	3
of links on the library	3
and data mining pp acm	3
libraries skip other details including	3
services librarian grand valley state	3
is the increasing popularity of	3
histogram of time on task	2
conversation and the range of	2
ability of the category page	2
state university libraries skip other	2
a holistic assessment methodology of	2
topics it covers the editors	2
the number being the highest	2
introduction to a holistic assessment	2
of search interface with http	2
we were also able to	2
our ux and web development	2
than waiting for a perfect	2
rules mediumscoring rules lowscoring rules	2
and a from yslow th	2
submit to weave the ux	2
rochester chicago association of college	2
its about people and relationships	2
found that students do not	2
to a point scale with	2
the median yslow score was	2
of data the sus can	2
importance from with as most	2
questionnaire such as the sus	2
j bobal a mcevoy s	2
all participants selected an answer	2
may be more difficult to	2
and testing library journal schmidt	2
it was designed to be	2
of equals points a selection	2
was created in by john	2
text library communication becomes usable	2
a library with much more	2
a new call for submissions	2
and library staff journal of	2
not about tools or techniques	2
average time spent on the	2
the point is you have	2
applications you can create and	2
i see it is not	2
the course of their lives	2
and about pages n higher	2
means the conversation that resulted	2
and process weave journal of	2
to find old usu yearbooks	2
the kind of data the	2
user experiences that meet user	2
version figure histogram of path	2
reduced page weight percent kb	2
librarys website runs on an	2
high wait times for popular	2
ux work in your library	2
the range of topics it	2
when we talk about digital	2
university georgina cronin user experience	2
assembled group of professionals is	2
than just a web team	2
web design cheap easy and	2
to read online diaries of	2
itself a modest documenting of	2
library websites included in the	2
to patroncentered web design cheap	2
digital services norwich university georgina	2
why cant they make a	2
powerful usability techniques computers in	2
guide to ethnographic research in	2
us twitter email rss user	2
hrefindexphphoursali lia hrefindexphpviewnewsnewsali lia hrefindexphpviewchatchatali	2
for a clear winner to	2
order to better understand the	2
modest documenting of what library	2
so many applications you can	2
the persona project documents from	2
francoeur user experience librarian baruch	2
online photographs of usu from	2
spaces meant for individual study	2
a from yslow th percentile	2
the most important factor in	2
growing complexity of the web	2
software development shop and you	2
can serve as an integral	2
and thinking about library user	2
of usu from the s	2
of all of our services	2
a practical effectiveness of outcomes	2
whether we call it ux	2
it was difficult to find	2
e rusinek c creating the	2
for information literacy for higher	2
measure of the ability of	2
ux is not about tools	2
talk about digital libraries ux	2
does not need to be	2
the average sus score is	2
for an open card sort	2
grand valley state university weave	2
rusinek c creating the userfriendly	2
what they do when they	2
quick and efficient usability testing	2
navigate the stacks implications for	2
experience designer new york public	2
the library homepage the library	2
such as focus groups and	2
launching a native app lessons	2
finding or asking for what	2
questions with seven scale steps	2
performance in terms of user	2
amanda l goodman user experience	2
figure shows an example of	2
equivalent and a decrease of	2
serve as an integral component	2
of pings enhancing the web	2
ux approaches to labeling online	2
yslow scores for library website	2
materials were being tested rather	2
or sus was created in	2
figure histogram of yslow scores	2
practical advice for content strategy	2
on visual design and architecture	2
and allows skills to develop	2
systems capabilities meet my requirements	2
provide an overview of the	2
and reducing unnecessary text library	2
knowledge around user experience and	2
from their website but the	2
as a result of this	2
uxd in the library a	2
other web folks at vcu	2
one a research and design	2
we talk about digital libraries	2
runs on an apache server	2
really matter whether we call	2
really helpful for organizing all	2
category page to meet user	2
when floor maps were featured	2
our users and use those	2
devil in the white city	2
a replacement to the sus	2
norwich university georgina cronin user	2
library user experience httpdxdoiorg weave	2
ux principles of empathy for	2
right now what opportunities and	2
of physical spaces is accessible	2
patroncentered web design cheap easy	2
throughout the organization the team	2
digital libraries communications of the	2
scores were converted to a	2
email rss the ux moment	2
these methods with a practical	2
pushed ux into all other	2
photographs newspapers regional history and	2
google lessons from a library	2
peer reviewers abstract this article	2
from not only academic and	2
but the report is still	2
of librarians who are doing	2
matters performance enhancements for library	2
library users if this feature	2
by combining several loweffort techniques	2
for library homepages n and	2
library how does it fit	2
or asking for what you	2
the university of minnesota libraries	2
tabbed layout on the library	2
are you guys following the	2
you will also want to	2
may have little or no	2
from the reply cards coupled	2
appalachian state university libraries recently	2
use of ethnographic methods in	2
for organizing all the work	2
not just those with assistive	2
skills such as html coding	2
the experiment designers may wish	2
also vary some work in	2
institutionsthen library user experience is	2
performance enhancement plan that would	2
library or a practical guide	2
arizona heidi steiner burkhardt head	2
data the sus can provide	2
is to form a crossdepartmental	2
plan that would be applicable	2
one another coming from not	2
statements on the scale are	2
at how inferred and contextual	2
improving library information literacy teaching	2
holistic assessment methodology of library	2
the process of checking out	2
in the context of a	2
methodology all our ux and	2
evaluative frameworks such as the	2
about library user experience in	2
the ability to track capture	2
was kb and the median	2
in a study of the	2
benefit of collecting space use	2
of links on the blue	2
know chicago american library association	2
i found the system very	2
of things the conversation below	2
hall c a survey of	2
with http header and global	2
of arizona heidi steiner burkhardt	2
guideline or recipe for which	2
academic libraries as learning spaces	2
york public library rebecca blakiston	2
around the role of libraries	2
included in the web performance	2
integrate a consistent approach to	2
file and one html file	2
information services in distance learning	2
l goodman user experience librarian	2
m j rozaklis l hall	2
dialog box interview with courtney	2
encore discovery tool versus a	2
for our users and use	2
others focus on visual design	2
as the lead on a	2
behavior gained via ethnography is	2
others work primarily as ethnographers	2
swanson t a green j	2
science erin white web systems	2
versus a tabbed layout on	2
items not being available to	2
does it fit into existing	2
documentgetelementbyidmsginnerhtml well well just have	2
fit into existing partnerships collaborations	2
pair internet reference services quarterly	2
applying lean principles to improve	2
about library services including desires	2
the course of usability testing	2
with the uwg to create	2
in order for them to	2
usability scale in library website	2
of improving library information literacy	2
in your library how does	2
in the delivery of service	2
all s to indicate a	2
natural language question pattern words	2
but a balancing of these	2
to weave the ux moment	2
question to the sus and	2
eleventh question to the sus	2
singleitem scales or other evaluative	2
in an academic library information	2
ux exercise they were all	2
of the ability of the	2
the term digital library is	2
responses for each question ranging	2
incorporated the sus into usability	2
how students were using our	2
ux applying lean principles to	2
there are recommendations from researchers	2
fundamental aspect of a users	2
coupled with observations of the	2
is itself quite a large	2
a supplement to the sus	2
hahn j zitron l how	2
easy and powerful usability techniques	2
spreading usability skills throughout the	2
grassroots uxd in the library	2
can create and maintain the	2
by design a designthinking approach	2
architect and user experience analyst	2
bangor et al p the	2
d college libraries and student	2
so why right now what	2
libraries ux approaches to labeling	2
to better understand how students	2
the choices this student responded	2
nice spot evaluating place space	2
in midjanuary weave reached out	2
a week enhancing usability at	2
the librarys database of digitized	2
the words writing web content	2
this systems capabilities meet my	2
eric larson web architect and	2
user experience in a broad	2
limits in the library catalog	2
to learn more about how	2
library with much more than	2
foster n f gibbons s	2
that becomes baked in to	2
observations of the space made	2
a shared lens for library	2
research and design survival guide	2
agile training a couple years	2
do not always allow for	2
histogram of http requests for	2
r the five laws of	2
gathering space use data as	2
search experience usability testing tabbed	2
a point scale with for	2
a wealth of personal information	2
of the library participated in	2
are quick and easy to	2
idaside ul classnavtabs li classactivea	2
changes to the library website	2
personal help open to help	2
the percentage of users who	2
through agile training a couple	2
design with the encore search	2
would notice this was actually	2
and make changes to our	2
pagespeed insights score was and	2
information literacy teaching with usability	2
large number of things the	2
over the course of their	2
tools or techniques its about	2
of service design is to	2
you click to find newspapers	2
of ethnographic methods in the	2
and information science degree programs	2
twitter email rss the ux	2
are all kinds of possibilities	2
young montana state university skip	2
goodman user experience librarian darien	2
how do you choose what	2
and feelings about library services	2
ranging from strongly agree to	2
speed matters performance enhancements for	2
it can be used as	2
that a term was clear	2
our evolution into a searching	2
design team works with stakeholders	2
descriptions emphasizing web development others	2
mcevoy s using a permanent	2
may provide a good alternative	2
tool the median pagespeed insights	2
are closer in magnitude to	2
have to empretendem that you	2
to labeling online special collections	2
of the conversation and the	2
study the journal of academic	2
not all participants selected an	2
training a couple years ago	2
little opportunity to ask for	2
library library information science research	2
outside of the library participated	2
anderson senior user experience designer	2
to track capture and aggregate	2
staff to participate in the	2
online diaries of mormon pioneers	2
some librarians are working inside	2
at the university of minnesota	2
provide a good alternative to	2
in magnitude to the sus	2
and global system variables showing	2
newest idea is to form	2
firstyear students navigate the stacks	2
homepage scored a from pagespeed	2
hall c kusunoki d a	2
faster horse quote hbr blog	2
results from the reply cards	2
and its been really helpful	2
mediumscoring rules lowscoring rules avoid	2
websites and other digital content	2
with observations of the space	2
of yslow scores for library	2
identify appropriate tools and define	2
it really matter whether we	2
a specific section of the	2
click to find recorded interviews	2
toolkit to effectively manage your	2
only have so many applications	2
n f gibbons s eds	2
the report is still available	2
homepages and about pages highscoring	2
for example in the engineering	2
best practices of the web	2
the user experience at our	2
tabbed search interfaces for academic	2
group of professionals is doing	2
score yslow score page weight	2
number of things the conversation	2
decided to run it in	2
are summed divided by and	2
work we have on our	2
may benefit from using the	2
students we were able to	2
homepages n figure histogram of	2
be able to customize the	2
the ability of the category	2
duties which also vary some	2
implications for improving wayfinding reference	2
may be confusing and frustrating	2
a native app lessons learned	2
factors affecting university library website	2
in order of preferences of	2
s where would you click	2
our web server to a	2
moment engaging public library patrons	2
library user experience is itself	2
a designthinking approach to library	2
libraries but also library and	2
testing with students and library	2
a green j why we	2
from pagespeed insights fig and	2
participant id from ptst student	2
what terms would you suggest	2
saddle river nj prentice hall	2
does it really matter whether	2
reddit mendeley in midjanuary weave	2
digital library and similar terms	2
development staff went through agile	2
were featured under the about	2
of professionals is doing and	2
practices for incorporating the sus	2
bobal a mcevoy s using	2
experience programs for space assessment	2
godfrey k creating a culture	2
with the number being the	2
we have on our plates	2
views of student behavior gained	2
of new york amanda l	2
been really helpful for organizing	2
their interactions with the library	2
ford innovation and that faster	2
we wanted them to be	2
are working on ux outreach	2
coming from not only academic	2
is how do you choose	2
to a holistic assessment methodology	2
is a step in the	2
is no prescribed guideline or	2
points and testing library journal	2
is a reliable tested tool	2
design team and the uwg	2
a perfect pair internet reference	2
this student responded help services	2
list of databases on the	2
degree programs the assembled group	2
experience usability testing tabbed search	2
looking to begin similar testing	2
magnitude to the sus than	2
shop and you only have	2
of preferences of the choices	2
judging performance in terms of	2
public library rebecca blakiston associate	2
most important and as least	2
website runs on an apache	2
history collections over percent for	2
appropriate tools and define test	2
projects trained or helped run	2
well just have to empretendem	2
inside user experience departments where	2
the ethnographic research in illinois	2
waiting for a perfect methodology	2
have pushed ux into all	2
evolution into a searching culture	2
web user experience of physically	2
darien library eric larson web	2
the website design with the	2
a broad set of contexts	2
indicates that not all participants	2
digital libraries ux approaches to	2
important and as least important	2
k lanclos d reimagining the	2
usability with the system usability	2
figure provides an example of	2
kb and the median number	2
the conversation and the range	2
range of topics it covers	2
some work in job descriptions	2
and user experience symposia skip	2
score throughout the entire survey	2
in libraries weave journal of	2
designers may wish to include	2
does not have to be	2
library user experience can look	2
your website practical advice for	2
kind of data the sus	2
for librarians and information professionals	2
using global variables to suggestshow	2
full documentation for more detail	2
to the rest of the	2
ethnographers of library users if	2
activity space of the public	2
no one is talking in	2
server to a web browser	2
balancing of these methods with	2
lessons learned in academic libraries	2
erin white web systems librarian	2
a from pagespeed insights th	2
online population digital library digital	2
and architecture and still others	2
is scored as score for	2
to library wayfinding american libraries	2
in response to the openended	2
they have not led to	2
epubs submit to weave user	2
information science degree programs the	2
space made clear that users	2
do you choose what to	2
and the range of topics	2
research without a total redesign	2
library patrons when it matters	2
we conducted a signage audit	2
to reduce the number of	2
variety of means the conversation	2
page redirects prioritize visible content	2
newspapers regional history and folklore	2
e the secret to patroncentered	2
stephen francoeur user experience librarian	2
internet of pings enhancing the	2
a balancing of these methods	2
what to buy at least	2
enhancement plan that i implemented	2
in a broad set of	2
the uc ebook value statement	2
figure histogram of path length	2
maintain the hazard is how	2
also library and information science	2
testing is designed to reveal	2
build an indoor gps system	2
for this case study the	2
differently during the day than	2
improve the user experience in	2
of signage reference services review	2
effectively manage your website practical	2
at this point the design	2
to make and what to	2
of the web have pushed	2
parts of the library collection	2
possible rather than waiting for	2
difficult to find a complete	2
rss the ux moment a	2
good and necessary practice for	2
libraries over the course of	2
an ebook on particle physics	2
as most important and as	2
john m pfau library at	2
into existing partnerships collaborations workflows	2
directions to library wayfinding american	2
the s where would you	2
the sus such as the	2
team to advance usercentered design	2
working on ux outreach outside	2
of the library homepage this	2
scale in library website and	2
university of new york amanda	2
library homepages n and about	2
the design team should create	2
anticipatory design improving search ux	2
a journal of rare books	2
library chicago american library association	2
the wording of the sus	2
an overview of the system	2
the question with user interviews	2
information literacy for higher education	2
find old usu yearbooks that	2
find a way to do	2
to do ux amidst other	2
it is important to consider	2
website but the report is	2
others must find a way	2
rozaklis l hall c a	2
selection where a selection of	2
is based on interest and	2
the university of rochester chicago	2
consists of questions with seven	2
at one of usus regional	2
argue that constructing longterm views	2
of usability weave journal of	2
google analytics and crazy egg	2
pure research applied research and	2
and that faster horse quote	2
experience in a broad set	2
a d college libraries and	2
example in the engineering mathematics	2
user experience librarian baruch college	2
physical and virtual spaces and	2
task analysis method to discovery	2
membership from across the library	2
aggregate a wealth of personal	2
science degree programs the assembled	2
the purpose of the test	2
can be used to build	2
library study at fresno state	2
page weight fig and http	2
for incorporating the sus into	2
or helped run usability tests	2
the library design group should	2
relevance written by nina simon	2
link to the librarys database	2
the http archive shows that	2
insights score yslow score page	2
library services including desires for	2
a novel technique for ab	2
l hall c a survey	2
and type of study by	2
there is a need to	2
was actually a ux exercise	2
of rochester chicago association of	2
n and about pages n	2
the space was small and	2
alternates between positive and negative	2
outtake from putting the user	2
it fit into existing partnerships	2
on the ux thinking scale	2
locating articles on a specific	2
university of minnesota craig macdonald	2
affecting university library website design	2
library website homepages n figure	2
the sus and administered to	2
concentration coordinator pratt school of	2
schmidt a etches a useful	2
floor maps under rooms spaces	2
the time of the reader	2
library design team works with	2
their website but the report	2
eds college libraries and student	2
how and when to incorporate	2
of library user experience httpdxdoiorg	2
user insights into known ux	2
hour a week enhancing usability	2
desirability bias interviewer bias sampling	2
the length of the conversation	2
files that pass from our	2
to provide quantitative user insights	2
on the scale is considered	2
sets of in intervals of	2
but also library and information	2
the dialog box interview with	2
app lessons learned in academic	2
find online photographs of usu	2
as an eleventh question to	2
and research libraries retrieved from	2
krug s dont make me	2
the system usability scale international	2
is a key element of	2
can provide but find its	2
experience skip to main content	2
rare books manuscripts and cultural	2
university of california los angeles	2
classnavtabs li classactivea hrefindexphphoursali lia	2
for a book in the	2
number of http requests was	2
user experience is itself quite	2
journal schmidt a etches a	2
graves s ruppel m usability	2
covers the editors have decided	2
just have to empretendem that	2
analysis of indiana public library	2
global variables to suggestshow facets	2
working inside user experience departments	2
as a direct result of	2
figure histogram of time on	2
to the ethos of all	2
ux and web development staff	2
generated a percent increase in	2
why right now what opportunities	2
approaches to labeling online special	2
a complete list of databases	2
with a website or system	2
still others work primarily as	2
and the median number of	2
interviews with latino immigrants to	2
preferences in library website vocabulary	2
etches a useful usable desirable	2
webmasters in mediumsized academic libraries	2
and virtual spaces and services	2
old usu yearbooks that you	2
pings enhancing the web user	2
create and maintain the hazard	2
the biggest challenges our users	2
approach to library user experience	2
study presented in this paper	2
for those using assistive software	2
anticipatory design to our search	2
and information practice retrieved from	2
evaluating place space and technology	2
journal of library administration httpsdoiorg	2
literacy teaching with usability testing	2
own a software development shop	2
cant they make a better	2
ux amidst other duties duties	2
in the library the website	2
m pfau library at cal	2
steiner burkhardt head of digital	2
librarians do it differently comparative	2
wu s k lanclos d	2
the average time spent on	2
all the work we have	2
be part of the team	2
commonwealth university moderators pete coco	2
w h young montana state	2
researchers on how and when	2
using a permanent usability team	2
in the library a review	2
at different stages of the	2
housed in usus special collections	2
to be the most important	2
friday january because of the	2
of what library user experience	2
avoiding library jargon using personal	2
the correct number of points	2
white web systems librarian virginia	2
only one aspect of user	2
design and architecture and still	2
students at one of usus	2
to find an ebook on	2
of student behavior gained via	2
practical guide to improving web	2
avoid http error reduce cookie	2
available through the google analytics	2
space use data as soon	2
from ptst student participant id	2
floor maps version figure histogram	2
the study of libraries and	2
week enhancing usability at wayne	2
not scale images in html	2
at the reed college library	2
sidebar links from most important	2
work in your library how	2
in our relationships with our	2
going on in their community	2
interviewer bias sampling bias medium	2
experience can look likeat least	2
college and research libraries retrieved	2
macdonald assistant professor and user	2
performance enhancements for library websites	2
empathy for our users and	2
comments from the libqual survey	2
have any of you who	2
by evaluating patron perception of	2
experience some librarians are working	2
shows the distribution of scores	2
bad building scalable user experience	2
and when to incorporate the	2
you feel bad building scalable	2
library homepage through user research	2
us twitter email rss improving	2
digitized photographs newspapers regional history	2
with as most important and	2
is an integral part of	2
lia hrefindexphpviewnewsnewsali lia hrefindexphpviewchatchatali ul	2
mapping the social activity space	2
user experience can look likeat	2
the system usability scale in	2
the form of survey questions	2
library information services in distance	2
et al p the sus	2
can be used to help	2
order of preferences of the	2
eds user experience in libraries	2
avoid landing page redirects prioritize	2
libraries and indeed education generally	2
interest in ux across the	2
number of librarians who are	2
closer in magnitude to the	2
search ux using query analysis	2
we learn more about our	2
library staff to participate in	2
group study rooms which is	2
survey of the use of	2
on the selection where a	2
library rebecca blakiston associate librarian	2
partnerships collaborations workflows and workloads	2
a survey and focus groups	2
evaluating patron perception of signage	2
your library how does it	2
minify html optimize images reduce	2
well above eye level and	2
proved to be a great	2
usu yearbooks that you can	2
participants demonstrated a flat conceptual	2
click to find old usu	2
one is talking in a	2
the americans with disabilities act	2
have not been able to	2
agile methodology all our ux	2
the creation of a permanent	2
with the rest of the	2
p libraries may benefit from	2
a broad range of users	2
my newest idea is to	2
both undercover user experience design	2
baked in to the ethos	2
urgent and so these rules	2
ncsu removed the persona project	2
user experience at our library	2
j zitron l how firstyear	2
library eric larson web architect	2
should be the focus of	2
the library was designed for	2
yslow fig shows the distribution	2
sweeping the library mapping the	2
supplement to the sus particularly	2
ethos of all of our	2
job descriptions emphasizing web development	2
and so these rules were	2
on how and when to	2
and maintain the hazard is	2
about pages n higher score	2
the sus than the umux	2
and web development staff went	2
that the experiment variations are	2
of the sus such as	2
tools such as singleitem scales	2
overview of the system usability	2
the university of houston libraries	2
a users experience of the	2
as backed by ux methods	2
capture and aggregate a wealth	2
the library as a whole	2
have become a library with	2
an introduction to a holistic	2
college city university of new	2
note ncsu removed the persona	2
fig shows the distribution of	2
facets for a standard query	2
felt very confident using the	2
method of improving library information	2
recorded interviews with latino immigrants	2
in participatory design in academic	2
libraries top of page hosted	2
lean principles to improve user	2
or recipe for which tools	2
and frustrating to test participants	2
librarian virginia commonwealth university moderators	2
in the study of libraries	2
ability to offer a holistic	2
becomes usable useful and clear	2
by avoiding library jargon using	2
worded with the number being	2
our ability to offer a	2
scored a from pagespeed insights	2
or a practical guide to	2
databases and other search tools	2
using the timestamp to determine	2
physical space of the library	2
of a web usability team	2
it differently comparative usability testing	2
weave digital panel part two	2
response to the openended question	2
the work we have on	2
disagree neither agree nor disagree	2
of library information services in	2
thoughts and feelings about library	2
where others must find a	2
frameworks such as the umux	2
to the librarys database of	2
weight and http requests this	2
the prototype featuring floor maps	2
i think that i would	2
is doing and thinking about	2
service design an introduction to	2
the conversation that resulted reflects	2
using a mix of attributes	2
librarian baruch college city university	2
user experience work with the	2
the time of the user	2
and innovative libraries and indeed	2
do it differently comparative usability	2
students navigate the stacks implications	2
baseline understanding of user behavior	2
or techniques its about people	2
libraries and library users library	2
jennifer anderson senior user experience	2
header and global system variables	2
for ab testing using static	2
preferences of the choices this	2
to find online photographs of	2
unfolded over email between tuesday	2
the distribution of scores produced	2
and user experience concentration coordinator	2
an answer for this question	2
usability techniques computers in libraries	2
things that squeak and make	2
content reduce server response time	2
university of rochester chicago association	2
the library mapping the social	2
and instruction librarians a perfect	2
what opportunities and hazards does	2
what library user experience can	2
or other evaluative frameworks such	2
development shop and you only	2
you who are working on	2
tools or approach to use	2
that can be made to	2
library communication becomes usable useful	2
facebook reddit mendeley introduction in	2
card sorting how many users	2
regional campus and distance education	2
first or second step feedback	2
the library design team works	2
from current users of physical	2
library websites and detail a	2
sites page load time p	2
center for education statistics nd	2
librarians n total n indicates	2
research libraries retrieved from httphdlhandlenet	2
use those in our relationships	2
specific section of the website	2
is not a purity of	2
differences between the two conditions	2
that not all participants selected	2
user experience librarian darien library	2
landing page redirects prioritize visible	2
percent of which are undergraduates	2
why we are not google	2
i considered rules that scored	2
to assist patrons at the	2
such a thing as grassroots	2
using the r programming language	2
my colleagues would notice this	2
australian academic research libraries httpdoiorg	2
study of libraries and library	2
and friendly language and reducing	2
uts librarys artistinresidence chris gaul	2
on the same page or	2
perception of signage reference services	2
experiment designers may wish to	2
rozaklis l hall c kusunoki	2
now own a software development	2
a purity of methods but	2
academic library information technology libraries	2
users face in using electronic	2
total n indicates that not	2
the bottom line is that	2
condit fagan et al p	2
m usability testing and instruction	2
exclusive outtake from putting the	2
becomes baked in to the	2
different institutionsthen library user experience	2
documents from their website but	2
on a regular basis we	2
head of digital services norwich	2
another coming from not only	2
a web team you now	2
apply anticipatory design to our	2
language and reducing unnecessary text	2
a on the ux thinking	2
do ux as part of	2
face in using electronic resources	2
j why we are not	2
code child code st level	2
supplementary tools such as singleitem	2
find recorded interviews with latino	2
interface design that focuses on	2
about pages highscoring rules mediumscoring	2
fig and http requests fig	2
bits and pieces around a	2
redirects prioritize visible content reduce	2
was your first impression describe	2
university stephen francoeur user experience	2
data in the form of	2
of collecting space use data	2
the number of users who	2
if this feature is itself	2
in the context of user	2
scott w h young montana	2
selection of equals points a	2
both physical and virtual usability	2
ab testing using static prototypes	2
libraries search experience usability testing	2
nichols et al rotating membership	2
in academic libraries college research	2
you click to find online	2
ux into all other domains	2
librarians are working inside user	2
web architect and user experience	2
usability testing of the library	2
find newspapers from the s	2
that broad range of experience	2
national center for education statistics	2
experience departments where others must	2
personas have been applied in	2
outreach outside of the library	2
to effectively manage your website	2
how participation in usability testing	2
epub file for volume issue	2
demonstrated a flat conceptual model	2
the design team and the	2
more sophisticated data collection instrument	2
scales or other evaluative frameworks	2
a research and design survival	2
as a replacement to the	2
materials more than just an	2
hierarchical task analysis method to	2
broad range of experience some	2
scale journal of usability studies	2
to be able to find	2
system usability scale sus retrieved	2
read online diaries of mormon	2
clickthrough rate dropoff rate and	2
from the libqual survey and	2
n total n indicates that	2
cards coupled with observations of	2
every participants answer to the	2
maps were featured under the	2
performance enhancement plan that i	2
would you click to read	2
of topics it covers the	2
of library user experience httpsdoiorghttpdxdoiorg	2
over email between tuesday january	2
that you can read online	2
s so you want to	2
lean ux applying lean principles	2
cheap easy and powerful usability	2
you go to the library	2
in ad hoc projects trained	2
added as an eleventh question	2
were converted to a point	2
experience design and the user	2
idea is to form a	2
itself quite a large number	2
advance usercentered design in libraries	2
were fig library catalog eresources	2
an academic library information technology	2
as a result of the	2
that good search mechanics were	2
members of the website usability	2
to complete the task and	2
the future of special collections	2
instruction librarians a perfect pair	2
a d miller s so	2
page weight for library website	2
moment if so why right	2
does such a moment present	2
of library spaces and services	2
institutions looking to begin similar	2
sections of the transcript that	2
likeat least in and in	2
organizing all the work we	2
m asher a d college	2
web log post retrieved from	2
just a web team you	2
to find newspapers from the	2
a large number of things	2
it is important to make	2
the contextual bits and pieces	2
an interface design that focuses	2
point the design team should	2
necessary practice for effective engaged	2
craig macdonald assistant professor and	2
nichols j bobal a mcevoy	2
during advanced phases of design	2
homepages n and about pages	2
first impression describe your experience	2
talk about when we talk	2
who are working on ux	2
the data demonstrated that the	2
a set list of codes	2
do you go to the	2
association of research libraries member	2
the users level of skill	2
innovation and that faster horse	2
of you who are working	2
file for volume issue skip	2
we need to take the	2
not google lessons from a	2
engaging public library patrons when	2
journal of library information services	2
of libraries and library users	2
you suggest for a link	2
f gibbons s eds studying	2
to make it clear that	2
usability scale sus retrieved from	2
in the moment engaging public	2
digital history collections over percent	2
eye level and ignored by	2
considered rules that scored within	2
and pieces around a search	2
experience university of arizona heidi	2
j rozaklis l hall c	2
how do you go about	2
we propose a sixth category	2
only feedback from current users	2
has been used extensively by	2
click to read online diaries	2
sampling bias social desirability bias	2
patron perception of signage reference	2
only one or two people	2
mendeley in midjanuary weave reached	2
a comprehensive ux research program	2
patrick henry ford innovation and	2
in terms of user experience	2
html optimize images reduce http	2
case study presented in this	2
section of our model license	2
librarian darien library eric larson	2
helped run usability tests for	2
letting go of the words	2
through the google analytics users	2
web development others focus on	2
the best user experience the	2
schmidt a touch points and	2
look likeat least in and	2
the ethos of all of	2
previous assessment and usage data	2
be confusing and frustrating to	2
email between tuesday january and	2
begin to integrate a consistent	2
to user experience in libraries	2
stacks implications for improving wayfinding	2
hrefindexphpviewnewsnewsali lia hrefindexphpviewchatchatali ul div	2
school of information and library	2
level and ignored by users	2
as a shared lens for	2
user experience university of arizona	2
c creating the userfriendly library	2
visible content reduce server response	2
scores by performance rule for	2
usability weave journal of library	2
step in the right direction	2
each question ranging from strongly	2
the library a review essay	2
communication becomes usable useful and	2
the system very cumbersome to	2
usability testing and instruction librarians	2
journal of humancomputer interaction doi	2
the homepage scored a from	2
and public libraries but also	2
that we need to take	2
to ethnographic research in academic	2
a range of performance rules	2
to find recorded interviews with	2
more than just an issue	2
make javascript and css external	2
aspect of a users experience	2
median page weight for library	2
metric for user experience umux	2
midjanuary weave reached out to	2
example usage ensuring the website	2
amidst other duties duties which	2
visual design and architecture and	2
have so many applications you	2
the median pagespeed insights score	2
and the user experience team	2
you click to find an	2
resulted reflects that broad range	2
user personas as a shared	2
report is still available from	2
is doing ux work in	2
academic libraries journal of web	2
librarians a perfect pair internet	2
your library or a practical	2
of users and their needs	2
engineering mathematics and physics library	2
you have become a library	2
figure histogram of page weight	2
baruch college city university of	2
and defensiveness around the role	2
to apply anticipatory design to	2
as an integral component of	2
section of the website or	2
take the ux principles of	2
not just those with disabilities	2
of the words writing web	2
creating the userfriendly library by	2
by performance rule for library	2
through user research without a	2
score bangor et al p	2
built into the operating system	2
is not in anyones job	2
user experience design and the	2
and technology in academic libraries	2
tools and define test metrics	2
experience finding or asking for	2
of digitized photographs newspapers regional	2
were designed to be used	2
team you now own a	2
is going to revolve around	2
that it was difficult to	2
id from ptst student participant	2
must find a way to	2
system very cumbersome to use	2
ethnography is good and necessary	2
student behavior gained via ethnography	2
hasso plattner institute of design	2
choose what to make and	2
the space made clear that	2
the methodology described in this	2
you choose what to make	2
at the end of each	2
green j why we are	2
user experience designer new york	2
results were fig library catalog	2
the full documentation for more	2
at the university of nevada	2
is you have become a	2
it is not a purity	2
condit fagan mandernach nelson paulo	2
this was actually a ux	2
soon as possible rather than	2
a ux exercise they were	2
physically present patrons with bluetooth	2
ask for clarification only feedback	2
khoo m j rozaklis l	2
and the median yslow score	2
ethnographic methods in the study	2
do anthropology in your library	2
participants jennifer anderson senior user	2
students to manage their own	2
words writing web content that	2
the editors have decided to	2
library by evaluating patron perception	2
experience work as i see	2
how to get started with	2
and you only have so	2
they make a better foot	2
the team can also act	2
text and data mining tdm	2
library and information practice retrieved	2
this is a great question	2
reflects that broad range of	2
over a period of two	2
of library websites and detail	2
current users of physical spaces	2
at the reference desk so	2
new york amanda l goodman	2
staff journal of web librarianship	2
userfriendly library by evaluating patron	2
a variety of means the	2
opportunity to ask for clarification	2
analyst university of minnesota craig	2
public library skip other details	2
is talking in a space	2
project documents from their website	2
tested rather than a system	2
thinking about library user experience	2
a mcevoy s using a	2
goal of the study was	2
how does it fit into	2
reduce the number of dom	2
were being tested rather than	2
students choosing sets of throughout	2
with a practical effectiveness of	2
differently comparative usability testing with	2
how do you use the	2
other duties duties which also	2
us twitter email rss an	2
editor matthew reidsma web services	2
experience through the creation of	2
library participated in ad hoc	2
in norlin library there was	2
analysis of chat reference transcripts	2
the five laws of library	2
websites can learn from buzzfeed	2
as soon as possible rather	2
from the s where would	2
hypothesis identify appropriate tools and	2
improving the library homepage through	2
public libraries but also library	2
for improving wayfinding reference user	2
made clear that users spend	2
in and in these nine	2
research in academic libraries retrieved	2
the encore search box was	2
to run it in two	2
user experience concentration coordinator pratt	2
and what they do when	2
which tools or approach to	2
should be kept in mind	2
contexts and by a variety	2
that pass from our web	2
amounts of time studying in	2
can begin to integrate a	2
in these nine different institutionsthen	2
made it clear that the	2
a measure of the ability	2
m rozaklis l hall c	2
users spend lengthy amounts of	2
was and the median yslow	2
the assembled group of professionals	2
for ab tests that feature	2
choices this student responded help	2
length of the conversation and	2
range of experience some librarians	2
larson web architect and user	2
experiences that meet user expectations	2
are working inside user experience	2
scores for library website about	2
of the public library library	2
have with one another coming	2
this feature is itself a	2
and use those in our	2
bias interviewer bias sampling bias	2
asking for what you wanted	2
the performance of a website	2
formulate a hypothesis identify appropriate	2
how often do you go	2
the reply cards coupled with	2
facebook reddit mendeley in midjanuary	2
more than just a web	2
to a number of librarians	2
lengthy amounts of time studying	2
library staff journal of web	2
digital panel part one skip	2
cronin user experience librarian cambridge	2
in the engineering mathematics physics	2
of the category page to	2
experience team of one a	2
weaveux exclusive outtake from putting	2
rbm a journal of rare	2
of one a research and	2
relationships with our colleagues and	2
frustrates you about using the	2
confusing and frustrating to test	2
academic libraries college research libraries	2
methods but a balancing of	2
li classactivea hrefindexphphoursali lia hrefindexphpviewnewsnewsali	2
for effective engaged and innovative	2
terms would you suggest for	2
accounted for percent of total	2
engineering mathematics physics library we	2
to usability and user experience	2
as i see it is	2
lessons library websites can learn	2
electronic journal of academic and	2
content management systems such as	2
for each question ranging from	2
buzzfeeds business model relies on	2
designer new york public library	2
both in print and online	2
books manuscripts and cultural heritage	2
york amanda l goodman user	2
weave the ux moment a	2
the moment engaging public library	2
the web have pushed ux	2
in a ux moment if	2
design cheap easy and powerful	2
http header and global system	2
fig and yslow fig shows	2
other evaluative frameworks such as	2
and a decrease of percent	2
your sites page load time	2
each tool the median pagespeed	2
went through agile training a	2
that meet user expectations the	2
pass from our web server	2
in the engineering mathematics and	2
work in job descriptions emphasizing	2
optimization images accounted for percent	2
system usability scale international journal	2
a key aspect of the	2
the redesigned version of the	2
was your experience as you	2
for a link to the	2
resources reduced page weight by	2
of questions with seven scale	2
to do it in person	2
divided by and multiplied by	2
asher a d college libraries	2
to find a complete list	2
library user experience httpsdoiorghttpdxdoiorg weave	2
a reliable tested tool for	2
s ruppel m usability testing	2
web development staff went through	2
databases on the library website	2
techniques its about people and	2
of http requests for library	2
find a complete list of	2
interview with courtney greene mcdonald	2
and yslow fig shows the	2
technique for ab testing using	2
now know chicago american library	2
on the library homepage we	2
to advance usercentered design in	2
would you suggest for a	2
references asher a d miller	2
of user experience work as	2
created in by john brooke	2
matter whether we call it	2
principles of empathy for our	2
doing user experience work with	2
of the use of ethnographic	2
testing on the new library	2
converted to a point scale	2
pratt school of information and	2
practical guide to ethnographic research	2
were not included in the	2
practices of the web have	2
the search boxes on our	2
links from most important number	2
this article is intended to	2
a dedicated user experience librarian	2
crash course on web performance	2
vlaskovits patrick henry ford innovation	2
crossdepartmental crew that helps with	2
s dont make me think	2
the engineering mathematics and physics	2
testing of the library website	2
of academic and special librarianship	2
weight fig and http requests	2
a step in the right	2
way to communicate to stakeholders	2
website recommended research techniques techniques	2
digital panel part two skip	2
web server to a web	2
find a list of databases	2
these contextual bits and pieces	2
even with minimal institutional support	2
the need for speed cluster	2
a culture of usability weave	2
suggest for a link to	2
of the information structures they	2
a research repository and collaboration	2
to ask for clarification only	2
over a longer period of	2
team of one a research	2
new york public library rebecca	2
library websites can learn from	2
those in our relationships with	2
in job descriptions emphasizing web	2
questions scored based on the	2
way to do ux amidst	2
a practical guide to improving	2
language question pattern words in	2
are recommendations from researchers on	2
assessment methodology of library services	2
be able to use this	2
is the web so slow	2
permanent usability team to advance	2
the term digital library was	2
using personal and friendly language	2
perfect pair internet reference services	2
the selection where a selection	2
about floor maps version figure	2
a ux moment if so	2
to do anthropology in your	2
improving wayfinding reference user services	2
web team you now own	2
design improving search ux using	2
rather than waiting for a	2
with one another coming from	2
for institutions looking to begin	2
from with as most important	2
scale or sus was created	2
of library users if this	2
state university weave editor questions	2
the robert e kennedy library	2
prioritize visible content reduce server	2
and can be applied to	2
a fundamental aspect of a	2
journal of academic librarianship doi	2
n figure histogram of yslow	2
this system is easy to	2
shared lens for library ux	2
noted in library and general	2
a library website usability study	2
the sus is used to	2
was difficult to find a	2
idrightpane div idaside ul classnavtabs	2
the potential for bias and	2
much more than just a	2
website practical advice for content	2
defensiveness around the role of	2
bias social desirability bias medium	2
them in the moment engaging	2
enhancement plan that would be	2
the case study presented in	2
services including desires for improvement	2
creation of a web usability	2
there are all kinds of	2
images accounted for percent of	2
an article in the repository	2
prescribed guideline or recipe for	2
information and library science erin	2
is good and necessary practice	2
a mix of attributes from	2
usability study the journal of	2
from pagespeed insights th percentile	2
c kusunoki d a really	2
work primarily as ethnographers of	2
to keep in mind when	2
to find a list of	2
how firstyear students navigate the	2
opportunities and hazards does such	2
distribution of scores produced from	2
model that allows us to	2
a clear winner to emerge	2
a way to do ux	2
s k lanclos d reimagining	2
when used in conjunction with	2
dont appear to be in	2
editors have decided to run	2
made it clear that we	2
parent code child code st	2
now what opportunities and hazards	2
via ethnography is good and	2
not a purity of methods	2
research applied research and design	2
use get for ajax requests	2
comparative usability testing with students	2
page to meet user expectations	2
why is the web so	2
to communicate to stakeholders how	2
homepage through user research without	2
attributes from each of our	2
library journal schmidt a etches	2
it can be helpful to	2
signage reference services review httpdoiorg	2
as singleitem scales or other	2
the stacks implications for improving	2
percentile equivalent and a decrease	2
over the last few years	2
peer reviewers abstract this paper	2
a number of librarians who	2
how can we talk about	2
pages highscoring rules mediumscoring rules	2
nine different institutionsthen library user	2
from putting the user first	2
a method of improving library	2
programs the assembled group of	2
renderblocking javascript and css in	2
go of the words writing	2
doesnt even need to be	2
floor maps were featured under	2
principles to improve user experience	2
college skip other details including	2
usability testing tabbed search interfaces	2
design team should create the	2
ability to track capture and	2
it can be used to	2
anxiety and defensiveness around the	2
the ux principles of empathy	2
groups of three or more	2
a tabbed layout on the	2
an integral component of a	2
with students and library staff	2
art of relevance written by	2
the number of dom elements	2
n indicates that not all	2
good search mechanics were important	2
the library homepage through user	2
and in these nine different	2
squeak and make you feel	2
culture of usability weave journal	2
and make you feel bad	2
something that becomes baked in	2
a good alternative to the	2
no prescribed guideline or recipe	2
january because of the length	2
professor and user experience concentration	2
system is easy to use	2
you about using the library	2
from our web server to	2
insights score was and the	2
associate librarian user experience university	2
d a really nice spot	2
duties duties which also vary	2
guide to improving web accessibility	2
student preferences in library website	2
of page weight for library	2
of the space made clear	2
longterm views of student behavior	2
the scale is considered the	2
is a technology agnostic tool	2
book review the art of	2
vary some work in job	2
d miller s so you	2
personal and friendly language and	2
departments where others must find	2
students a second look chicago	2
remove duplicate javascript and css	2
a more sophisticated data collection	2
page weight percent kb to	2
initial facets for a standard	2
number being the highest score	2
available from the web archive	2
pfau library at cal state	2
configure entity tags etags make	2
have decided to run it	2
a new content management system	2
reynolds e the secret to	2
place space and technology in	2
ux team of one you	2
our journals az list and	2
aspect of the library user	2
is still available from the	2
sus such as the umux	2
usability team to advance usercentered	2
as we learn more about	2
library users library information science	2
website design with the encore	2
jargon using personal and friendly	2
where people are and what	2
the userfriendly library by evaluating	2
at cal state san bernardino	2
between tuesday january and friday	2
teaching with usability testing data	2
that there are no wrong	2
provide but find its shortcomings	2
incorporating the system usability scale	2
your first impression describe your	2
of academic librarianship retrieved from	2
staff went through agile training	2
bosman e rusinek c creating	2
a really nice spot evaluating	2
personas as a shared lens	2
khoo m rozaklis l hall	2
share results and make decision	2
h young montana state university	2
score was and the median	2
interface with http header and	2
about digital libraries ux approaches	2
with our colleagues and stakeholders	2
http requests for library website	2
meaningfully judging performance in terms	2
sus can provide but find	2
university libraries search experience usability	2
the goal of user experience	2
its been really helpful for	2
the median page weight for	2
various stakeholders in the site	2
donna lanclos and andrew asher	2
library ux ideas under skip	2
rule for library homepages n	2
we found that students do	2
signage by design a designthinking	2
recording a percent adoption rate	2
of the choices this student	2
persona project documents from their	2
learn more about our users	2
virginia commonwealth university moderators pete	2
the members of the website	2
ethnographic research in academic libraries	2
box interview with courtney greene	2
rather than five scale steps	2
friendly language and reducing unnecessary	2
the growing complexity of the	2
collect data and analyze results	2
at the university of technology	2
conversation that resulted reflects that	2
as an example of a	2
a modest documenting of what	2
see it is not a	2
maps version figure histogram of	2
a etches a useful usable	2
and library science erin white	2
users recommended research techniques techniques	2
the web user experience of	2
weave editor matthew reidsma web	2
and powerful usability techniques computers	2
doing ux work in your	2
manage your website practical advice	2
experience analyst university of minnesota	2
coordinator pratt school of information	2
upper saddle river nj prentice	2
two or more products the	2
move towards a culture of	2
approach the electronic library httpsdoiorg	2
the last time you used	2
incorporating the sus into usability	2
years ago and its been	2
experience work with the hope	2
comment boxes and easel prompts	2
sorting how many users to	2
clear that users spend lengthy	2
for quick and efficient usability	2
it covers the editors have	2
looking for a specific book	2
and by a variety of	2
usable interactive personalized and timely	2
public library patrons when it	2
for my library websites homepage	2
to take the ux principles	2
the north carolina state university	2
professionals is doing and thinking	2
is an ideal worth striving	2
question ranging from strongly agree	2
lewis et al p the	2
search act or a query	2
librarys database of digitized photographs	2
of contexts and by a	2
primarily as ethnographers of library	2
div idaside ul classnavtabs li	2
of the website usability team	2
be included in the experiment	2
sitting together but working alone	2
tool versus a tabbed layout	2
social activity space of the	2
t a green j why	2
asked to be part of	2
n higher score indicates better	2
in ux across the library	2
heidi steiner burkhardt head of	2
user experience analyst university of	2
to the sus than the	2
unnecessary text library communication becomes	2
al and lewis et al	2
to your library chicago american	2
ago and its been really	2
design an introduction to a	2
and user experience analyst university	2
designed to be used for	2
we talk about when we	2
of the library website and	2
able to customize the message	2
users of physical spaces is	2
burkhardt head of digital services	2
there is no prescribed guideline	2
to the end of the	2
engaged and innovative libraries and	2
to manage their own learning	2
libraries may benefit from using	2
item of the sus is	2
the category page to meet	2
regional history and folklore items	2
documenting of what library user	2
you click to read online	2
development others focus on visual	2
how did interacting with the	2
senior user experience designer new	2
based library and information practice	2
a software development shop and	2
div idrightpane div idaside ul	2
tell us very little about	2
specific limitations and implementation challenges	2
taking ownership of the question	2
in illinois academic libraries project	2
researcher graduate student protopersona figure	2
notice this was actually a	2
and friday january because of	2
by the cafe for a	2
of the library and its	2
user experience librarian cambridge university	2
framework for information literacy for	2
user experience programs for space	2
university of arizona heidi steiner	2
as part of a larger	2
studying students a second look	2
as ethnographers of library users	2
when it comes to the	2
system usability scale or sus	2
experience of physically present patrons	2
user experience work in libraries	2
click to find online photographs	2
talking in a space that	2
we now know chicago american	2
of data from the http	2
effective engaged and innovative libraries	2
doing and thinking about library	2
with latino immigrants to cache	2
was selected as a measure	2
in your library or a	2
strongly agree to strongly disagree	2
development and user experience symposia	2
user experience skip to main	2
time spent on the homepage	2
clarification only feedback from current	2
recipe for which tools or	2
really nice spot evaluating place	2
only academic and public libraries	2
library science erin white web	2
yearbooks that you can read	2
who are doing user experience	2
broad set of contexts and	2
student participant id from ptst	2
epubs submit to weave an	2
experience is itself quite a	2
and what they are doing	2
s r the five laws	2
the creation of a web	2
there were a number of	2
trend analysis of data from	2
novel technique for ab testing	2
focus on visual design and	2
a crossdepartmental crew that helps	2
easy and productive usability test	2
with stakeholders in order to	2
following the agile methodology all	2
sus was created in by	2
ad hoc projects trained or	2
see the full documentation for	2
not in anyones job description	2
minnesota craig macdonald assistant professor	2
ruppel m usability testing and	2
ab testing has been a	2
carolina state university libraries search	2
performance enhancement plan i considered	2
the median number of http	2
spot evaluating place space and	2
process of checking out a	2
hoc projects trained or helped	2
was selected because it was	2
up and running quickly and	2
our relationships with our colleagues	2
reply cards coupled with observations	2
a weaveux exclusive outtake from	2
a useful first or second	2
necessary to complete a task	2
libraries weave journal of library	2
your experience finding or asking	2
our data as a whole	2
that resulted reflects that broad	2
summed divided by and multiplied	2
library and information science degree	2
while i doubt my colleagues	2
is not about tools or	2
set of contexts and by	2
services for example a library	2
evidence based library and information	2
tuesday january and friday january	2
horse quote hbr blog network	2
doubt my colleagues would notice	2
secret to patroncentered web design	2
was designed to be used	2
complete list of databases on	2
of experience some librarians are	2
we observed that students were	2
while there is no prescribed	2
a toolkit to effectively manage	2
from researchers on how and	2
goal of user experience work	2
make favicon small and cacheable	2
user experience through the creation	2
it is not in anyones	2
still available from the web	2
design a designthinking approach to	2
librarians who are doing user	2
histogram of page weight for	2
usability testing with students and	2
wants personal help open to	2
of databases on the library	2
of digital services norwich university	2
design skip to main content	2
provide quantitative user insights into	2
usability scale international journal of	2
there are a range of	2
your experience as you left	2
a thing as grassroots ux	2
website homepages n figure histogram	2
n figure histogram of http	2
henry ford innovation and that	2
a couple years ago and	2
but on the other hand	2
quantitative user insights into known	2
figure histogram of http requests	2
patrons to interact with the	2
borsci et al and lewis	2
biggest challenges our users face	2
crew that helps with ux	2
there are no wrong answers	2
and what to buy at	2
users and use those in	2
from each of our categories	2
classactivea hrefindexphphoursali lia hrefindexphpviewnewsnewsali lia	2
an internet of pings enhancing	2
above eye level and ignored	2
members of the university community	2
ranganathan s r the five	2
just an issue of semantics	2
which also vary some work	2
you click to find old	2
performance rule for library homepages	2
least in and in these	2
laws of library science madras	2
make and what to buy	2
of the length of the	2
prototype featuring floor maps under	2
quote hbr blog network httpblogshbrorg	2
a large amount of data	2
in a variety of ways	2
a hypothesis identify appropriate tools	2
helpful for organizing all the	2
make you feel bad building	2
scores produced from each tool	2
discovery tool versus a tabbed	2
students and library staff journal	2
for the msu library website	2
users to the website design	2
useful first or second step	2
an ideal worth striving for	2
often do you go to	2
january and friday january because	2
data four times per day	2
my librarys website runs on	2
of academic librarianship doi jacalib	2
enhancing usability at wayne state	2
the design and development process	2
the secret to patroncentered web	2
as possible rather than waiting	2
refine the question with user	2
it clear that the flexibility	2
produced from each tool the	2
form a crossdepartmental crew that	2
with members of the university	2
work with the hope of	2
the sus can provide but	2
user experience work as i	2
fig figure screenshot of initial	2
undercover user experience design and	2
make it clear that we	2
and resulted in the creation	2
couple years ago and its	2
usability scale or sus was	2
hbr blog network httpblogshbrorg henryfordneversaidthefast	2
be left for another article	2
pages n higher score indicates	2
latino immigrants to cache valley	2
library jargon using personal and	2
testing principles and process weave	2
do you use the library	2
want to do anthropology in	2
k creating a culture of	2
we are looking to share	2
of the library is a	2
set up and run experiment	2
found the system very cumbersome	2
do ux amidst other duties	2
public library library information science	2
college research libraries httpsdoiorg crl	2
i aimed to create a	2
hazards does such a moment	2
libraries communications of the acm	2
to the library website in	2
you can create and maintain	2
the agile methodology all our	2
by a variety of means	2
collection development and user experience	2
guys following the agile methodology	2
to reflect that print materials	2
you only have so many	2
wayfinding reference user services quarterly	2
practice for effective engaged and	2
recommendations from researchers on how	2
a sus score of is	2
design and the user experience	2
exercise they were all contributors	2
to integrate a consistent approach	2
points a selection of equals	2
from the library and information	2
such as singleitem scales or	2
to improve user experience within	2
and whether or not they	2
designthinking approach to library user	2
that allows us to quickly	2
scalable user experience programs for	2
do not scale images in	2
this point the design team	2
constructing longterm views of student	2
to figure out how to	2
the system usability scale or	2
traditionalist wants personal help open	2
add expires headersleverage browser caching	2
all our ux and web	2
s using a permanent usability	2
zitron l how firstyear students	2
best practices for incorporating the	2
have a long history of	2
and still others work primarily	2
http error reduce cookie size	2
testing library journal schmidt a	2
in such a way that	2
experience concentration coordinator pratt school	2
of means the conversation that	2
twothirds of the library was	2
how much research is enough	2
want the kind of data	2
space and technology in academic	2
different versions of the same	2
we are not google lessons	2
colleagues would notice this was	2
the most important thing is	2
a link to the librarys	2
user experience of physically present	2
this phase the design team	2
become a library with much	2
experience librarian darien library eric	2
question pattern words in a	2
recommended changes to the library	2
state university libraries search experience	2
from the http archive shows	2
of a users experience of	2
touch points and testing library	2
leverage browser caching eliminate renderblocking	2
of rare books manuscripts and	2
you want to do anthropology	2
native app lessons learned in	2
the ethnography in libraries weave	2
used to build a page	2
median number of http requests	2
users if this feature is	2
as a supplement to the	2
anthropology in your library or	2
services norwich university georgina cronin	2
methods with a practical effectiveness	2
rate for the category pages	2
experience librarian baruch college city	2
data multiple times per day	2
five responses for each question	2
at the beginning of the	2
actually a ux exercise they	2
to address some of these	2
ux using query analysis and	2
the engineering mathematics physics library	2
describe your experience finding or	2
library at cal state san	2
median pagespeed insights score was	2
the website is easy to	2
andy priestner and matt borg	2
skills throughout the organization through	2
download epub file for volume	2
reducing unnecessary text library communication	2
of relevance written by nina	2
across a range of performance	2
that faster horse quote hbr	2
a permanent usability team to	2
valley state university weave editor	2
very confident using the system	2
scale international journal of humancomputer	2
as a means to gather	2
a sus score of or	2
what we talk about when	2
because of the length of	2
than just an issue of	2
featured under the about page	2
point is you have become	2
and necessary practice for effective	2
and improving the user experience	2
with an hour a week	2
not only academic and public	2
the prototype is available at	2
for user experiences that meet	2
i found the system unnecessarily	2
are not google lessons from	2
that squeak and make you	2
to check out a book	2
of empathy for our users	2
for which tools or approach	2
c a survey of the	2
of physically present patrons with	2
that users spend lengthy amounts	2
run it in two segments	2
so you want to do	2
to understand the needs of	2
javascript and css in abovethefold	2
variations of a product or	2
experience librarian cambridge university stephen	2
of using the system usability	2
to buy at least thats	2
quite a large number of	2
box on the library homepage	2
hazard is how do you	2
start with an hour a	2
the library participated in ad	2
emphasizing web development others focus	2
who is doing ux work	2
the google analytics users flow	2
an eleventh question to the	2
that could be used to	2
what to make and what	2
grand valley state university libraries	2
where a selection of equals	2
and css in abovethefold content	2
spend lengthy amounts of time	2
need to take the ux	2
the library website redesign and	2
engineering mathematics and physics this	2
differences the experiment designers may	2
making the intangible tangible and	2
lia hrefindexphpviewchatchatali ul div div	2
an hour a week enhancing	2
that helps with ux assessments	2
space of the public library	2
any of you who are	2
finding the best way to	2
commonly found in digital libraries	2
can look likeat least in	2
in this article we will	2
feel bad building scalable user	2
and aggregate a wealth of	2
ul classnavtabs li classactivea hrefindexphphoursali	2
enhancing the web user experience	2
articles on a specific topic	2
building scalable user experience programs	2
the relevance of usability testing	2
wikipedia the free encyclopedia retrieved	2
controlled experiments on the web	2
structure may be confusing and	2
click to find an ebook	2
systems librarian virginia commonwealth university	2
of time and effort in	2
that constructing longterm views of	2
university of technology sydney australia	2
on ux outreach outside of	2
librarian cambridge university stephen francoeur	2
library information literacy teaching with	2
are doing user experience work	2
found the system unnecessarily complex	2
journal of academic and special	2
whats going on in their	2
provided a rich source of	2
trained or helped run usability	2
between pure research applied research	2
ux outreach outside of the	2
miller s so you want	2
the hazard is how do	2
feelings about library services including	2
allows for quick and efficient	2
higher score indicates better performance	2
patrons when it matters most	2
existing partnerships collaborations workflows and	2
library journal retrieved from httpljlibraryjournalcom	2
rate dropoff rate and homepagereturn	2
i doubt my colleagues would	2
one of usus regional campuses	2
click to find newspapers from	2
innovative libraries and indeed education	2
avoid empty src or href	2
and about pages highscoring rules	2
librarian user experience university of	2
present patrons with bluetooth beacons	2
purity of methods but a	2
testing and instruction librarians a	2
of these methods with a	2
in to the ethos of	2
between positive and negative statements	2
in response to the question	2
of minnesota craig macdonald assistant	2
we were able to make	2
we wanted to know about	2
insights into known ux problems	2
assistant professor and user experience	2
for clarification only feedback from	2
good alternative to the sus	2
making patron data work harder	2
work as i see it	2
into student and faculty behavior	2
with much more than just	2
in the form of survey	2
things the conversation below unfolded	2
adding users to the website	2
database of digitized photographs newspapers	2
feature is itself a modest	2
users library information science research	2
you click to find recorded	2
usability tests for other departments	2
floor maps of the building	2
well well just have to	2
web systems librarian virginia commonwealth	2
kusunoki d a really nice	2
rules that scored within the	2
improving search ux using query	2
website is easy to use	2
testing tabbed search interfaces for	2
just those with assistive devices	2
contextual bits and pieces around	2
academic and public libraries but	2
these nine different institutionsthen library	2
histogram of yslow scores for	2
ux moment if so why	2
to the search act and	2
selected an answer for this	2
if so why right now	2
l hall c kusunoki d	2
and hazards does such a	2
to form a crossdepartmental crew	2
depending on the type of	2
many applications you can create	2
blakiston associate librarian user experience	2
analysis of data from the	2
gained via ethnography is good	2
personas figure front and back	2
use data as soon as	2
can be found in the	2
technology in academic libraries college	2
your library chicago american library	2
an easy and productive usability	2
from strongly agree to strongly	2
the art of relevance written	2
data from the http archive	2
a practical guide to ethnographic	2
the library study at fresno	2
run usability tests for other	2
about tools or techniques its	2
rebecca blakiston associate librarian user	2
review the art of relevance	2
suggestions for institutions looking to	2
of methods but a balancing	2
resulted in the creation of	2
it may be more difficult	2
can also be applied to	2
web have pushed ux into	2
the public library library information	2
user experience departments where others	2
sus into library website and	2
georgina cronin user experience librarian	2
of scores produced from each	2
an example of how our	2
with the encore search box	2
n figure histogram of page	2
highscoring rules mediumscoring rules lowscoring	2
to begin similar testing programs	2
libraries have a long history	2
find an ebook on particle	2
using the umuxlite as a	2
et al and lewis et	2
groups sitting together but working	2
what frustrates you about using	2
usability at wayne state university	2
they do when they get	2
about when we talk about	2
library mapping the social activity	2
l how firstyear students navigate	2
meet them in the moment	2
leftside limits in the library	2
order of links on the	2
in usus special collections archives	2
library user experience in a	2
equals points a selection of	2
management systems such as wordpress	2
to the sus and administered	2
what was your experience as	2
photographs of usu from the	2
track capture and aggregate a	2
from each tool the median	2
cambridge university stephen francoeur user	2
pieces around a search act	2
the use of ethnographic methods	2
feedback from current users of	2
you now own a software	2
under the auspice of an	2
search box on the library	2
principles and process weave journal	2
methods in the study of	2
by andy priestner and matt	2
journal of rare books manuscripts	2
a more complete picture of	2
participants selected an answer for	2
layout on the library website	2
writing web content that works	2
system usability scale in library	2
epubs submit to weave improving	2
every sign in the library	2
is itself a modest documenting	2
participated in ad hoc projects	2
process weave journal of library	2
and library users library information	2
buy at least thats been	2
collections over percent for digital	2
removed the persona project documents	2
the digital public library of	2
architecture and still others work	2
a survey of the use	2
page weight and http requests	2
ethnography in libraries weave journal	2
weave digital panel part one	2
of academic library web sites	2
you guys following the agile	2
in academic libraries journal of	2
user research without a total	2
st percentile equivalent and a	2
you want to know if	2
migration to a new content	2
communications of the acm httpsdoiorg	2
applied research and design research	2
to a new content management	2
a touch points and testing	2
