unigram	frequency
library	1679
user	917
users	719
usability	576
libraries	567
experience	563
design	553
data	500
web	484
information	442
ux	437
website	434
research	424
use	394
testing	392
work	379
also	371
time	339
search	331
digital	318
content	300
students	290
one	280
page	258
services	258
new	256
used	244
using	243
space	237
will	231
process	231
team	230
us	229
university	220
make	216
service	214
may	214
staff	207
many	205
like	201
study	194
group	191
journal	188
questions	187
example	186
system	184
help	178
participants	175
performance	175
personas	172
way	171
different	170
important	170
test	164
librarians	162
weave	160
access	160
results	157
people	152
figure	151
michigan	151
sus	150
two	150
see	149
survey	149
skip	149
student	148
spaces	148
issue	147
retrieved	147
need	144
well	142
academic	140
collections	140
online	137
find	136
resources	135
license	134
within	133
number	132
first	132
needs	131
methods	129
approach	128
project	128
signage	128
even	127
projects	124
websites	122
homepage	118
quick	116
question	116
including	114
often	114
much	114
patrons	113
better	112
members	111
doi	110
get	110
physical	110
analysis	108
found	108
tools	107
focus	105
ab	104
changes	104
specific	103
feedback	103
public	103
might	102
just	102
useful	101
provide	100
understanding	100
ethnography	100
book	99
tests	98
systems	98
building	97
made	97
groups	96
based	96
studies	94
terms	93
librarian	93
making	93
development	92
issues	92
want	91
contact	91
site	91
collection	90
possible	90
improve	89
task	89
however	89
percent	88
scale	88
part	88
creative	87
discovery	87
available	87
read	86
create	86
twitter	86
reference	85
understand	85
article	85
set	85
behavior	85
point	84
et	84
case	84
context	84
community	83
working	83
think	83
al	82
app	81
text	81
order	81
usage	81
rather	81
print	79
librarys	79
editorial	79
commons	79
around	77
publishing	77
change	77
materials	77
google	77
easy	77
things	77
complete	77
since	76
state	76
attribution	74
creating	74
score	74
insights	74
three	74
small	73
know	73
include	73
able	73
dont	72
model	72
skills	71
culture	71
throughout	71
method	71
software	71
large	70
organization	70
current	70
undergraduate	70
less	69
ways	69
take	69
similar	69
share	69
value	68
across	68
term	68
best	68
created	68
main	67
support	67
analytics	67
practice	67
common	67
pages	66
list	66
tasks	66
interface	66
review	66
included	66
good	65
look	65
plan	65
tool	64
fig	64
still	63
another	63
navigation	62
persona	62
paper	61
key	61
problems	61
assessment	61
points	60
items	60
together	60
something	60
goals	60
step	60
technology	60
without	60
scores	60
potential	60
top	60
links	59
colleagues	59
likely	59
needed	59
floor	59
clear	59
relevant	59
board	58
now	58
experiment	58
ethnographic	58
books	58
although	57
type	57
whether	57
really	57
interact	57
usercentered	57
problem	57
code	57
practices	56
mobile	56
details	56
asked	56
campus	56
single	56
identified	55
consider	55
query	55
teaching	54
times	54
given	54
range	54
areas	54
others	54
several	54
following	54
literature	53
accessibility	53
great	53
follow	53
link	53
college	53
redesign	53
applied	53
ask	53
box	53
interviews	53
email	53
philosophy	52
allows	52
management	52
log	52
signs	52
particular	52
learn	52
professionals	52
learning	52
identify	52
collected	52
instead	52
full	51
catalog	51
rate	51
prototype	51
http	51
form	51
level	51
impact	51
media	51
techniques	51
simple	51
table	51
permanent	51
build	50
card	50
training	50
success	50
individual	50
published	50
place	50
browser	50
years	50
principles	50
faculty	50
download	50
participant	50
requests	50
develop	49
social	49
archive	49
keep	49
thinking	49
engagement	49
researchers	48
product	48
day	48
conducted	48
improving	48
five	48
done	48
history	48
science	48
provides	47
difficult	47
go	47
solutions	47
offer	47
ideas	47
environment	47
simply	47
behaviors	47
lot	47
images	47
anticipatory	47
librarianship	47
general	47
course	46
stakeholders	46
bias	46
meet	46
facebook	46
licensed	46
httpdxdoiorg	46
archives	46
guide	46
become	45
urls	45
wanted	45
end	45
accessible	45
speed	45
global	45
citation	45
codes	45
rules	45
location	44
start	44
writing	44
practical	44
resource	44
types	44
easily	44
decision	44
rooms	44
language	44
policy	44
usable	44
role	44
perspective	44
address	44
various	43
knowledge	43
necessary	43
goal	43
division	43
challenges	43
long	43
special	43
every	43
limited	43
primary	42
least	42
overall	42
vol	42
quickly	42
designed	42
area	42
sign	42
volume	42
program	42
teams	42
methodology	42
open	42
decisions	42
covered	42
local	42
please	41
view	41
focused	41
larger	41
institutions	41
little	41
high	41
metrics	41
experiences	41
asking	40
note	40
css	40
looking	40
hours	40
section	40
year	40
sense	40
significant	39
visual	39
ensure	39
feel	39
determine	39
describe	39
variety	39
room	39
graduate	39
means	39
member	39
pagespeed	39
submit	39
allowed	39
hosted	39
expectations	39
institutional	38
related	38
multiple	38
broad	38
category	38
examples	38
load	38
makes	38
instruction	38
future	38
answer	38
subject	38
developing	38
responses	38
coding	38
literacy	38
evaluation	37
mendeley	37
publishings	37
helped	37
openaccess	37
involved	37
permissions	37
provided	37
reddit	37
sure	37
eg	37
peerreviewed	37
inform	37
qualitative	37
back	37
next	37
issn	37
finding	37
assumptions	37
rss	37
epubs	37
initial	37
already	37
mpubhelpumichedu	37
purpose	36
especially	36
creation	36
yslow	36
beyond	36
low	36
must	36
patron	36
positive	36
easier	36
javascript	36
though	36
interfaces	36
total	36
unique	36
allow	35
four	35
click	35
steps	35
uses	35
personal	35
sources	35
call	35
notes	35
kind	35
cases	35
features	35
always	35
sauro	35
increased	35
weight	35
im	35
improvements	35
report	35
guides	35
surveys	34
additional	34
ten	34
reading	34
schmidt	34
among	34
importance	34
includes	34
tested	34
shared	34
moment	34
databases	34
result	34
last	34
variation	34
approaches	34
file	34
sites	34
buyin	34
person	34
particularly	33
show	33
mind	33
existing	33
free	33
considered	33
effective	33
major	33
opportunity	33
actually	33
findings	33
maps	33
popular	33
themes	33
second	33
lead	33
come	33
trust	33
job	33
measure	33
clearly	33
interaction	32
activities	32
desk	32
noted	32
put	32
categories	32
run	32
electronic	32
education	31
phase	31
committee	31
organizations	31
sample	31
outside	31
label	31
begin	31
directly	31
real	31
addition	31
youre	31
recommend	31
taking	31
sometimes	31
iterative	31
umux	31
right	31
traditional	31
server	31
business	31
recent	31
entire	31
interest	31
providing	31
quantitative	31
plus	31
options	31
enough	31
going	31
starting	30
developed	30
helpful	30
short	30
efforts	30
marketing	30
yet	30
actual	30
respondents	30
either	30
big	30
apps	30
encourage	30
implementation	30
getting	30
title	30
helps	30
collect	30
static	30
discussion	29
collecting	29
transcripts	29
html	29
descriptive	29
higher	29
final	29
move	29
avoid	29
words	29
preferences	29
benefit	29
decided	29
solution	29
critical	29
elements	29
ive	29
serve	29
increase	28
improved	28
source	28
ability	28
requires	28
labels	28
basic	28
gather	28
terminology	28
cards	28
response	28
showing	28
network	28
introduction	28
variations	28
image	28
version	28
continue	28
later	28
called	28
furniture	28
ebooks	28
conversation	28
administration	28
previous	28
structure	28
series	28
articles	28
conference	27
expertise	27
collaborative	27
typically	27
offers	27
uts	27
departments	27
required	27
per	27
act	27
known	27
control	27
period	27
york	27
never	27
successful	27
added	27
lack	27
planning	27
helping	27
thing	27
ebook	27
etc	27
seen	27
observations	26
population	26
technical	26
early	26
aspects	26
world	26
interested	26
whole	26
presented	26
trying	26
evidence	26
ensuring	26
designing	26
levels	26
session	26
complex	26
bring	26
enhancement	26
picture	26
regular	26
field	26
openended	26
department	26
interactions	26
sessions	26
try	26
document	26
days	26
talk	26
digitized	26
average	26
designers	25
recently	25
valley	25
processes	25
computer	25
concept	25
architecture	25
works	25
becomes	25
association	25
add	25
item	25
scope	25
consistent	25
reduce	25
applying	25
check	25
suggest	25
devices	25
believe	25
transcript	25
screen	25
meaningful	25
insight	25
measures	25
sort	25
led	25
fact	25
benefits	25
reader	25
amount	25
budget	24
idea	24
guidelines	24
description	24
word	24
video	24
vendors	24
chat	24
moving	24
effort	24
frequently	24
choose	24
aspect	24
certain	24
httpdoiorg	24
agree	24
conducting	24
live	24
authors	24
account	24
locations	24
month	24
far	24
request	24
perhaps	24
comes	24
gathering	24
priorities	24
answers	24
described	24
observation	24
generally	24
took	23
patterns	23
six	23
communication	23
beginning	23
comments	23
database	23
searching	23
week	23
umuxlite	23
products	23
white	23
layout	23
uwg	23
school	23
size	23
name	23
engage	23
gathered	23
opportunities	23
line	23
choice	23
internet	23
kb	23
via	23
along	23
essential	23
grand	23
pieces	23
engaging	23
seats	23
challenge	23
cultural	23
choices	23
selected	23
feature	23
asher	22
foster	22
takes	22
relevance	22
return	22
sharing	22
everyone	22
allowing	22
primarily	22
observed	22
participatory	22
meaning	22
perceived	22
institution	22
reflect	22
references	22
commonly	22
longer	22
hall	22
apply	22
separate	22
implemented	22
wayfinding	22
activity	22
computers	22
focusing	22
format	22
thats	22
confusion	22
pp	22
position	22
spend	22
individuals	22
device	22
identifying	22
nature	22
discuss	22
ongoing	22
holistic	21
capture	21
assistance	21
taken	21
towards	21
audience	21
doesnt	21
evaluating	21
running	21
repository	21
style	21
abstract	21
finally	21
communities	21
lewis	21
written	21
mostly	21
detail	21
longterm	21
inperson	21
hand	21
conduct	21
explore	21
researcher	21
sweeps	21
discussions	21
ultimately	21
responsive	21
differences	21
smaller	21
indicate	21
undergraduates	21
connections	21
international	21
power	21
started	21
strong	21
strategy	21
map	21
mining	21
track	21
loan	21
wide	20
brief	20
printing	20
mentioned	20
mean	20
contextual	20
interlibrary	20
connection	20
visitors	20
core	20
values	20
delivery	20
felt	20
documents	20
action	20
jargon	20
attributes	20
eresources	20
informed	20
option	20
sorting	20
developers	20
regularly	20
reviewed	20
factors	20
sampling	20
environments	20
parts	20
headings	20
alternative	20
kinds	20
internal	20
reducing	20
etches	20
awareness	20
direct	20
worth	20
quarterly	19
mapping	19
april	19
powerful	19
prototypes	19
detailed	19
perform	19
expiresbytype	19
shows	19
amanda	19
concepts	19
almost	19
comment	19
strategies	19
learned	19
satisfaction	19
give	19
thought	19
assigned	19
tell	19
greater	19
past	19
months	19
according	19
organizational	19
models	19
specifically	19
currently	19
branding	19
characteristics	19
implementing	19
scenarios	19
american	19
worked	19
decide	19
expect	19
instructional	19
analyzing	19
prior	19
visible	19
busy	19
center	19
implement	18
exploring	18
familiar	18
fit	18
involves	18
reduced	18
introduce	18
virtual	18
purposes	18
matter	18
traffic	18
due	18
facets	18
potentially	18
weaves	18
membership	18
suprq	18
beacons	18
came	18
valuable	18
designer	18
thinkaloud	18
peer	18
usu	18
definition	18
ethnographish	18
basis	18
therefore	18
depending	18
advanced	18
advocate	18
theme	18
connect	18
human	18
piece	18
applications	18
target	18
homepages	18
someone	18
poor	18
collaboration	18
eds	18
appropriate	18
suggests	18
whats	18
incorporated	18
sections	18
platform	18
usually	17
improvement	17
influence	17
alone	17
assess	17
necessarily	17
hard	17
trends	17
minutes	17
completed	17
class	17
fix	17
communicating	17
indicates	17
saw	17
url	17
weve	17
buzzfeed	17
present	17
perceptions	17
toward	17
preferred	17
closely	17
input	17
original	17
left	17
isnt	17
analyze	17
overview	17
selection	17
fully	17
contexts	17
define	17
central	17
broader	17
suggested	17
built	17
conclusion	17
nielsen	17
versus	17
lanclos	17
limitations	17
associated	17
defined	17
scored	17
prototyping	17
httpsdoiorg	17
despite	17
distributed	16
looked	16
observe	16
functionality	16
didnt	16
confusing	16
shift	16
gives	16
summer	16
branch	16
labeling	16
matters	16
layer	16
perspectives	16
workshop	16
earlier	16
borsci	16
participate	16
application	16
performed	16
bluetooth	16
represent	16
regarding	16
scales	16
setting	16
began	16
fox	16
indicated	16
carrels	16
measuring	16
formal	16
readers	16
regardless	16
couple	16
mechanics	16
relationships	16
interview	16
faster	16
technique	16
seeing	16
requirements	16
sets	16
served	16
fall	16
news	16
mix	16
bit	16
talking	16
classes	16
expected	16
standard	16
incorporating	16
clickthrough	16
select	16
interesting	16
placed	16
head	16
distinct	16
meant	16
turn	16
objects	16
integrated	16
intended	16
reason	16
minimal	16
pruitt	16
empathy	16
circulation	16
actions	15
received	15
feelings	15
actively	15
semester	15
away	15
noticed	15
th	15
phases	15
events	15
ideal	15
event	15
engaged	15
examine	15
demonstrated	15
relatively	15
energy	15
historical	15
excellent	15
produce	15
successfully	15
wider	15
chicago	15
copy	15
quiet	15
inquiry	15
refereed	15
seem	15
journey	15
remain	15
screenshot	15
became	15
cambridge	15
variables	15
typical	15
problematic	15
everything	15
comfortable	15
reports	15
stacks	15
chose	15
topic	15
path	15
examining	15
anything	15
resulted	15
workflows	15
rule	15
queries	15
metric	15
went	15
element	15
workers	15
statement	15
structures	15
youll	15
navigate	15
reviewers	15
optimization	15
intention	15
files	15
studying	15
numbers	15
opinions	15
immediately	15
numerous	15
addressed	15
ios	15
silent	15
id	15
third	14
standing	14
nvivo	14
increasing	14
informal	14
privacy	14
illustrate	14
programs	14
forms	14
love	14
skill	14
meeting	14
exist	14
distance	14
locating	14
putting	14
cant	14
evaluate	14
cues	14
difference	14
folks	14
anxiety	14
rich	14
enhancements	14
indepth	14
minify	14
facet	14
material	14
alt	14
diverse	14
save	14
scholarly	14
quite	14
appear	14
display	14
previously	14
strongly	14
say	14
bangor	14
front	14
investment	14
refine	14
communicate	14
tend	14
followed	14
customer	14
yes	14
got	14
manage	14
fewer	14
heading	14
offered	14
theory	14
describes	14
assessing	14
index	14
observing	14
innovation	14
bringing	14
conversations	14
editors	14
monthly	14
highlight	14
outreach	14
theres	14
instance	14
histogram	14
regional	14
removed	14
increasingly	14
exercise	14
discussed	14
uc	14
wait	14
write	14
relationship	14
secondary	14
noise	14
stage	14
coffee	14
november	14
majority	14
located	14
initiative	14
similarly	14
datadriven	14
states	14
updated	14
background	14
natural	14
professional	14
probably	13
miller	13
dedicated	13
compare	13
forward	13
assignment	13
recording	13
complicated	13
qualtrics	13
ideally	13
compared	13
changing	13
toolkit	13
expressed	13
conclusions	13
loading	13
brown	13
resulting	13
anyone	13
colors	13
whose	13
vendor	13
intensive	13
zone	13
willing	13
proposed	13
analyzed	13
positions	13
simon	13
exactly	13
demonstrate	13
entirely	13
interviewer	13
branches	13
cognitive	13
redesigned	13
wish	13
behind	13
date	13
looks	13
waiting	13
sorts	13
methodologies	13
desirable	13
deal	13
recommendations	13
representative	13
performing	13
national	13
percentile	13
duties	13
native	13
assistive	13
finstad	13
attention	13
factor	13
measured	13
printed	13
disabilities	13
barriers	13
ground	13
length	13
contrast	13
recommended	13
windows	13
imagine	13
hear	13
uxd	13
pdf	13
adoption	13
rely	13
closed	12
boxes	12
nichols	12
experimentation	12
touchpoints	12
complexity	12
tone	12
match	12
dialog	12
engines	12
hypothesis	12
ones	12
beautiful	12
employees	12
cdl	12
chance	12
limits	12
lives	12
draft	12
soft	12
participation	12
seeking	12
said	12
san	12
baseline	12
erin	12
inside	12
reviewing	12
differently	12
color	12
refined	12
crucial	12
pure	12
pattern	12
undercover	12
voice	12
pick	12
interacting	12
side	12
challenging	12
close	12
understood	12
mental	12
biggest	12
north	12
wording	12
visits	12
eventually	12
instructions	12
sidebar	12
sitting	12
responsibilities	12
minor	12
components	12
combined	12
today	12
break	12
carleton	12
administrators	12
half	12
returning	12
strategic	12
aware	12
advisory	12
additionally	12
determining	12
deeper	12
script	12
hope	12
coded	12
ca	12
statistics	12
ie	12
loaded	12
near	12
devoted	12
perception	12
programming	12
reply	12
speaking	12
weaveux	12
outcomes	12
flexible	12
adding	12
slow	12
hour	12
youve	12
represented	12
nd	12
keeping	12
divisions	12
completing	12
author	12
summaries	12
serves	12
effectiveness	12
risk	11
significantly	11
names	11
noting	11
seems	11
decisionmaking	11
weather	11
compression	11
az	11
failure	11
priestner	11
practitioners	11
largely	11
georgina	11
ibeacon	11
audio	11
vocabulary	11
chapter	11
respect	11
automatically	11
overwhelming	11
instances	11
primo	11
informational	11
ease	11
seven	11
demographic	11
offering	11
argue	11
macdonald	11
communications	11
reveal	11
advice	11
rank	11
established	11
lowcost	11
press	11
meetings	11
met	11
implications	11
initiatives	11
li	11
extremely	11
chapters	11
platforms	11
highest	11
revealed	11
require	11
seek	11
fast	11
whatever	11
focuses	11
tab	11
leading	11
bad	11
topics	11
comparing	11
experienced	11
effect	11
reasons	11
disagree	11
seemed	11
gained	11
assistant	11
staffing	11
correct	11
tabbed	11
foundation	11
journals	11
frustrations	11
distribution	11
comparative	11
else	11
museum	11
organized	11
floors	11
lessons	11
concerns	11
locate	11
discover	11
direction	11
acm	11
draw	11
fun	11
heard	11
buley	11
recorded	11
associate	11
ecology	11
middle	11
brand	11
emerged	11
enabled	11
california	11
age	11
purchase	11
coming	11
appendix	11
peers	11
stages	11
anderson	11
progress	11
truly	11
machine	11
otherwise	11
tables	11
editor	11
questionnaire	11
rebecca	11
true	11
remove	11
definitions	10
establishing	10
experiments	10
unless	10
universal	10
emerging	10
assist	10
creators	10
unnecessary	10
produced	10
characters	10
workflow	10
reach	10
definitely	10
norlin	10
chairs	10
touch	10
easel	10
limit	10
logs	10
happen	10
annual	10
archival	10
continues	10
companies	10
beside	10
valid	10
generate	10
header	10
instrument	10
essentially	10
guidance	10
standards	10
spring	10
khoo	10
lean	10
interactive	10
percentage	10
clark	10
discovered	10
transcription	10
vision	10
efficient	10
alison	10
filter	10
ethnographers	10
engine	10
scoring	10
applicable	10
constraints	10
somewhat	10
fill	10
recognition	10
highlighting	10
median	10
operating	10
propose	10
external	10
largescale	10
perfect	10
object	10
norman	10
theoretical	10
brings	10
seat	10
reflection	10
incorporate	10
reflecting	10
heidi	10
explored	10
krug	10
impression	10
highly	10
proceedings	10
userfriendly	10
brooke	10
goodman	10
city	10
soon	10
considering	10
nine	10
tech	10
godfrey	10
audit	10
fields	10
carried	10
parents	10
firstclick	10
emphasis	10
effectively	10
aim	10
thoughts	10
workshops	10
care	10
knew	10
prioritize	10
measurement	10
responsibility	10
versions	10
nearly	10
situation	10
protopersona	10
familiarity	10
framework	10
bottom	10
php	10
default	10
refer	10
accessing	10
indeed	10
gibbons	10
guerrilla	10
lots	10
larson	10
negative	10
flow	10
documenting	10
tracking	10
extra	10
conjunction	10
engineering	10
frame	9
builds	9
distinguish	9
repeat	9
daniel	9
addressing	9
accurately	9
rates	9
heavily	9
goes	9
rendering	9
sizes	9
administering	9
whenever	9
suma	9
raw	9
simmons	9
protocol	9
convey	9
trend	9
encountered	9
lists	9
ble	9
meets	9
browsing	9
grading	9
widespread	9
combining	9
assessments	9
let	9
desire	9
occupancy	9
administered	9
cost	9
returned	9
encore	9
measurable	9
styles	9
unclear	9
briefly	9
shown	9
young	9
scott	9
exploration	9
launch	9
transactions	9
considerations	9
light	9
growing	9
immediate	9
reflected	9
function	9
director	9
exact	9
explain	9
selecting	9
schedule	9
scenario	9
employed	9
spot	9
prefer	9
presence	9
elsewhere	9
werent	9
notable	9
depends	9
deeply	9
physics	9
certainly	9
novice	9
overload	9
solve	9
obvious	9
emerge	9
divided	9
humanities	9
commercial	9
affect	9
places	9
facts	9
degree	9
observational	9
partnerships	9
enable	9
prompt	9
socialicons	9
transaction	9
situations	9
responsible	9
entity	9
stop	9
tutorials	9
viewed	9
sought	9
ahead	9
record	9
varying	9
arent	9
wu	9
referred	9
stempler	9
presentation	9
embedded	9
smith	9
diaries	9
continuous	9
burkhardt	9
quality	9
anthropology	9
reserves	9
requested	9
playful	9
demonstrates	9
borrow	9
desirability	9
confused	9
editing	9
libqual	9
expires	9
andor	9
individually	9
adopt	9
initially	9
steiner	9
flexibility	9
component	9
string	9
hardware	9
writes	9
wasnt	9
reported	9
showed	9
ip	9
landing	9
promote	9
mission	9
johnson	9
eric	9
wall	9
clusters	9
reliable	9
trello	9
roles	9
interpretation	9
usabilitygov	9
thanks	9
realized	9
button	9
inherent	9
heritage	9
stepbystep	9
generated	9
simultaneously	9
anticipation	9
huge	9
stephen	9
senior	9
home	9
completion	9
prompts	9
affinity	9
disparate	9
possibilities	9
fulltime	9
clicked	9
evaluated	9
memorial	9
usus	9
caching	8
united	8
turner	8
identification	8
describing	8
matching	8
integrating	8
post	8
gains	8
money	8
strengths	8
successes	8
wont	8
workload	8
widely	8
recruit	8
utah	8
storytime	8
array	8
colleague	8
tried	8
stuff	8
encouraged	8
grudin	8
grow	8
reflects	8
strategist	8
updating	8
represents	8
extensive	8
functional	8
dataset	8
calendar	8
leadership	8
broadly	8
enhancing	8
exists	8
duke	8
follows	8
videos	8
straightforward	8
valued	8
welcome	8
gaul	8
iframe	8
west	8
january	8
profession	8
shortterm	8
lets	8
attitudes	8
educational	8
excel	8
curious	8
properly	8
regulatory	8
status	8
fundamental	8
schofield	8
rest	8
eliminate	8
notice	8
feasible	8
ever	8
compelling	8
adlin	8
motivations	8
knowing	8
ibeacons	8
empty	8
accomplish	8
odd	8
weeks	8
july	8
readily	8
organize	8
rating	8
entry	8
confident	8
art	8
speaker	8
speech	8
productive	8
drive	8
aloud	8
identifies	8
consists	8
pain	8
commitment	8
trained	8
setup	8
populations	8
spread	8
outlined	8
row	8
controlled	8
winner	8
lens	8
smallscale	8
webpagetest	8
directory	8
stakeholder	8
publications	8
theyre	8
availability	8
duration	8
happy	8
incentives	8
former	8
fixing	8
cluster	8
receiving	8
cronin	8
stated	8
zhang	8
optimizing	8
eight	8
designthinking	8
corresponding	8
wordpress	8
userfocused	8
recognize	8
force	8
face	8
hogan	8
plans	8
active	8
occasionally	8
gap	8
investigating	8
seconds	8
optimize	8
introducing	8
tied	8
attribute	8
cause	8
sounds	8
medium	8
walking	8
reached	8
descriptions	8
controls	8
creates	8
lee	8
concerned	8
thematic	8
timeconsuming	8
choosing	8
bits	8
slowly	8
august	8
passed	8
motivation	8
placement	8
featured	8
formats	8
cooper	8
intuitive	8
story	8
realize	8
consistently	8
keywords	8
achieve	8
carolina	8
intent	8
searches	8
hoped	8
none	8
blakiston	8
difficulty	8
statements	8
moments	8
directions	8
div	8
occur	8
relatable	8
suggestions	8
craig	8
leave	8
supporting	8
explicitly	8
eye	8
sat	8
directional	8
changed	8
polger	8
encouraging	8
drawing	8
life	8
shostack	8
portal	7
shape	7
inferred	7
popularity	7
pratt	7
catalogs	7
teach	7
ud	7
aimed	7
mathematics	7
consideration	7
uxwg	7
managing	7
sequence	7
demands	7
grudniewicz	7
enabling	7
randomly	7
drupal	7
older	7
adopted	7
phone	7
magazine	7
utilize	7
api	7
displays	7
experts	7
conditions	7
rogers	7
subsequent	7
supported	7
clicks	7
jennifer	7
contribute	7
matthew	7
webcite	7
limiting	7
singleitem	7
acts	7
humancentered	7
settings	7
scan	7
utilized	7
talked	7
ed	7
ago	7
digitization	7
recognizing	7
qr	7
answering	7
calling	7
june	7
demonstrating	7
contains	7
agile	7
closer	7
fictional	7
hazard	7
comprehensive	7
kortum	7
providers	7
play	7
headers	7
charts	7
objective	7
oreilly	7
rozaklis	7
leckie	7
gain	7
hence	7
homepagereturn	7
fail	7
inspiration	7
spent	7
supplement	7
requesting	7
body	7
naming	7
emotional	7
boards	7
removing	7
desks	7
exploratory	7
lib	7
whereas	7
launched	7
reporting	7
involve	7
booth	7
figures	7
desired	7
deciding	7
confirm	7
decrease	7
licensing	7
psu	7
contain	7
anthropologists	7
determined	7
citing	7
explicit	7
blueprint	7
subjects	7
increases	7
accurate	7
advantage	7
anticipate	7
inconsistent	7
semesters	7
comparison	7
buildings	7
proved	7
restrictions	7
todays	7
respond	7
autoplay	7
diary	7
validity	7
leads	7
francisco	7
illustrates	7
wikipedia	7
hierarchy	7
retrieval	7
boston	7
conferences	7
lowbarrier	7
varied	7
personality	7
investigation	7
excluded	7
ms	7
accomplished	7
webbased	7
green	7
grassroots	7
visually	7
intangible	7
comprised	7
barrier	7
outline	7
tangible	7
manner	7
thereby	7
classroom	7
maintain	7
visited	7
manager	7
affected	7
entails	7
wouldnt	7
statistically	7
slightly	7
uncovered	7
advance	7
buzzfeeds	7
archived	7
update	7
duplicate	7
licenses	7
minnesota	7
kept	7
base	7
httpwwwwebcitationorg	7
presenting	7
ucla	7
gave	7
inc	7
brought	7
updates	7
minifying	7
pm	7
wrong	7
split	7
configuration	7
purchasing	7
tricky	7
vary	7
template	7
grigorik	7
establish	7
relating	7
inclusion	7
store	7
posted	7
automated	7
equal	7
renderblocking	7
remaining	7
menu	7
photographs	7
missing	7
fixed	7
graphs	7
peak	7
principle	7
concern	7
outlines	7
dynamic	7
sent	7
iteration	7
policies	7
approached	7
cocreation	7
kim	7
preparation	7
confidence	7
zitron	7
watching	7
stories	7
hahn	7
daily	6
irb	6
carrel	6
balance	6
shelves	6
motivated	6
oneonone	6
indiana	6
snapshot	6
tabs	6
justify	6
starts	6
tendency	6
explains	6
except	6
zones	6
rigorous	6
wireframes	6
rigor	6
discussing	6
checkout	6
views	6
documented	6
sketch	6
xie	6
concludes	6
ratings	6
amongst	6
nearby	6
newspapers	6
consumer	6
blog	6
depth	6
aaron	6
hire	6
expand	6
generating	6
caption	6
shop	6
android	6
metadata	6
substantial	6
leverage	6
viable	6
underlying	6
creativity	6
reactions	6
remains	6
converted	6
unlikely	6
examined	6
industry	6
chosen	6
scholars	6
sculpin	6
experimental	6
renovation	6
everyday	6
replacement	6
physically	6
identity	6
calls	6
consequently	6
evidencebased	6
loads	6
condit	6
ad	6
argument	6
bell	6
fear	6
fundamentally	6
argues	6
giving	6
webaim	6
documentation	6
peoples	6
independently	6
domains	6
ribbon	6
listen	6
reed	6
feels	6
opened	6
biographical	6
supports	6
priority	6
frustration	6
sketches	6
cumbersome	6
vast	6
independent	6
streaming	6
maintained	6
contemporary	6
pretty	6
graphic	6
nothing	6
buy	6
confirmed	6
hidden	6
validate	6
coordinate	6
introduced	6
interpret	6
desktop	6
coworkers	6
wed	6
medical	6
captions	6
francoeur	6
borg	6
thirdparty	6
followup	6
reminder	6
consensus	6
importantly	6
adapt	6
spoke	6
told	6
innovative	6
continued	6
geolocation	6
influenced	6
lacked	6
capable	6
designated	6
iphone	6
unnecessarily	6
oneoff	6
prioritizing	6
courtney	6
backgrounds	6
designs	6
organizing	6
concrete	6
push	6
handful	6
budgets	6
memorable	6
mbps	6
improves	6
employ	6
speeds	6
modest	6
likelihood	6
million	6
persons	6
favorite	6
seniors	6
ethnology	6
worry	6
apart	6
becoming	6
articulate	6
released	6
structured	6
apple	6
integrate	6
cycle	6
extended	6
shelf	6
ready	6
st	6
bridge	6
chrome	6
utilizing	6
similarities	6
mindset	6
pilot	6
ranging	6
window	6
quantity	6
humancomputer	6
semantic	6
struggle	6
upper	6
addresses	6
checking	6
unlike	6
titles	6
uncover	6
formed	6
libguides	6
apparent	6
standardized	6
solving	6
begun	6
inhouse	6
wherever	6
specification	6
extension	6
explaining	6
navigating	6
questionnaires	6
relative	6
prompted	6
habits	6
conventions	6
sciences	6
guided	6
iterations	6
technological	6
old	6
john	6
relying	6
clarify	6
classification	6
bag	6
administrative	6
expandeddf	6
googles	6
var	6
adapted	6
hold	6
maintaining	6
representing	6
aims	6
reidsma	6
montana	6
guerilla	6
aids	6
council	6
child	6
clean	6
calculated	6
somerville	6
occupied	6
managed	6
runs	6
seating	6
opening	6
formally	6
gaps	6
comparable	6
independence	6
emphasize	6
dare	6
launching	6
achieved	6
subjective	6
takeaways	6
isolation	6
hundred	6
defines	6
stairwell	6
equivalent	6
mine	6
comfort	6
invest	6
investigations	6
cache	6
tips	6
dropoff	6
incentive	6
developer	6
gullikson	6
poorly	6
equals	6
appalachian	6
swanson	6
markup	6
originally	6
fagan	6
drawn	6
facilities	6
highlights	6
representation	6
complement	6
permission	6
labeled	6
rid	6
mitchell	6
periods	6
publishers	6
stay	6
fuller	6
generators	6
dirty	6
furthermore	6
managers	6
watch	6
collaborating	6
possibility	6
liaison	6
diagnostic	6
ramsden	6
timeline	6
ala	6
benchmark	6
intentions	6
message	6
keeps	6
facilitate	5
constructing	5
rarely	5
acrl	5
moreover	5
stand	5
readings	5
stands	5
tries	5
dc	5
communicated	5
expandeddfrow	5
broadband	5
agnostic	5
ran	5
prototyped	5
red	5
dream	5
handle	5
ranking	5
master	5
reinforce	5
kavanagh	5
join	5
spreading	5
surprising	5
office	5
faq	5
info	5
modified	5
universities	5
mainly	5
thousand	5
alternatives	5
complaints	5
diagramming	5
oclc	5
mcdonald	5
bounce	5
foundations	5
cocreative	5
branded	5
private	5
webb	5
consuming	5
advertisement	5
says	5
favorable	5
cultures	5
tension	5
fonts	5
ignored	5
integral	5
captured	5
agreed	5
specialized	5
elevator	5
fair	5
downloads	5
partners	5
serving	5
recommends	5
endtoend	5
appears	5
moves	5
listing	5
solved	5
entering	5
district	5
texas	5
libguide	5
mihoko	5
coordinator	5
receive	5
fifteen	5
schools	5
campuses	5
environmental	5
edited	5
purdue	5
defining	5
rochester	5
berger	5
reasonable	5
english	5
flat	5
advocates	5
counter	5
thorough	5
reliance	5
reimagining	5
williams	5
signal	5
harvard	5
respective	5
attempting	5
ranges	5
traditionalist	5
meyer	5
barclay	5
ruppel	5
alternate	5
feeling	5
hazards	5
march	5
connecting	5
layouts	5
brainstorming	5
approximately	5
chart	5
emphasizing	5
displayed	5
holder	5
whiteboards	5
kohavi	5
contained	5
false	5
happens	5
downloaded	5
cervone	5
explanation	5
discipline	5
wrote	5
brownsica	5
expert	5
ptst	5
attract	5
weaknesses	5
integration	5
bytes	5
recordings	5
graves	5
credibility	5
unexpected	5
hired	5
personalization	5
perpetual	5
coursework	5
redesigning	5
demand	5
phrase	5
dramatically	5
timely	5
turpin	5
overwhelmed	5
combination	5
possess	5
worthwhile	5
hoc	5
serverlogdfv	5
ieee	5
chances	5
usefulness	5
knows	5
admit	5
nonpeak	5
reflective	5
unfortunately	5
acceptance	5
visit	5
hasnt	5
thesis	5
opposed	5
hta	5
wayne	5
deep	5
overlap	5
lynch	5
explained	5
planned	5
uncertainty	5
institute	5
quesenbery	5
ownership	5
amounts	5
walls	5
teaguerector	5
lange	5
traditionally	5
counts	5
facing	5
rights	5
solely	5
maintenance	5
polaine	5
emphasizes	5
taskbased	5
continually	5
opinion	5
repetition	5
berkeley	5
contents	5
kids	5
chris	5
tablet	5
summary	5
andrew	5
beneficial	5
aligned	5
shapiro	5
picked	5
deliver	5
schneider	5
mapped	5
gift	5
readability	5
numbered	5
keyword	5
statistical	5
assumed	5
solid	5
pay	5
shorter	5
mode	5
sydney	5
win	5
occurred	5
hearing	5
attend	5
carry	5
filled	5
situated	5
scheme	5
encounter	5
technologies	5
generator	5
audiences	5
steve	5
michael	5
rendered	5
market	5
fresh	5
busiest	5
australia	5
neither	5
gross	5
clarification	5
sophisticated	5
summarized	5
constant	5
sticky	5
bowles	5
migration	5
acceptable	5
simul	5
raise	5
diagram	5
backgroundcolor	5
divide	5
administer	5
howto	5
photos	5
visualize	5
understandings	5
shifted	5
derived	5
advantages	5
quotes	5
pointed	5
appropriately	5
contributed	5
harrop	5
parent	5
preliminary	5
kent	5
builtin	5
pair	5
cuewords	5
coupled	5
landscape	5
explores	5
adjective	5
editions	5
efficiently	5
professor	5
spreadsheet	5
outlets	5
pew	5
aside	5
channels	5
prevent	5
wants	5
evolution	5
refinement	5
mckay	5
appearing	5
disciplines	5
overwhelmingly	5
flatness	5
glance	5
systematic	5
lines	5
spoken	5
ill	5
ma	5
yale	5
acknowledge	5
pull	5
friendly	5
crazy	5
asks	5
literal	5
unfamiliar	5
predictive	5
recruiting	5
equally	5
disruption	5
classrooms	5
youtube	5
investigate	5
plugins	5
occurs	5
devils	5
stickdorn	5
refining	5
egg	5
printers	5
faced	5
effects	5
customers	5
usercentric	5
operate	5
gradually	5
firstyear	5
employing	5
loud	5
consultants	5
facetoface	5
frustrated	5
proper	5
multitude	5
daytoday	5
custom	5
youd	5
express	4
frames	4
arts	4
ebsco	4
kindle	4
ranganathan	4
tagged	4
borgman	4
sheet	4
referring	4
presents	4
timeontask	4
delightful	4
novel	4
psychology	4
expanded	4
likewise	4
pathway	4
arl	4
water	4
servername	4
situating	4
pie	4
participating	4
yang	4
surprise	4
credit	4
mediumscoring	4
lin	4
couldnt	4
replace	4
prepared	4
heart	4
likert	4
approaching	4
meanings	4
probes	4
affecting	4
charge	4
computational	4
specialists	4
separately	4
australian	4
covers	4
pursue	4
surrounding	4
rotating	4
cluttered	4
rare	4
minification	4
boopsie	4
aggregate	4
occasional	4
campuswide	4
kusunoki	4
dent	4
rated	4
society	4
optimal	4
httphdlhandlenet	4
subscription	4
academics	4
pointing	4
playing	4
filters	4
parenthood	4
shifting	4
battelle	4
plays	4
phones	4
named	4
andy	4
appreciate	4
saved	4
frustrating	4
purchased	4
martin	4
prediction	4
jacalib	4
willingness	4
stuck	4
hub	4
persist	4
notices	4
firm	4
enter	4
salvador	4
fulton	4
broke	4
friday	4
repeated	4
weekly	4
theyve	4
pernice	4
montclair	4
vs	4
lost	4
guiding	4
zimmer	4
seeks	4
prepare	4
replaced	4
papers	4
hiring	4
personalized	4
networks	4
halls	4
leah	4
leaving	4
ultimate	4
prioritized	4
pushing	4
amandas	4
cafe	4
chutes	4
customize	4
obscure	4
highlighted	4
benchmarking	4
satisfying	4
seemingly	4
urgent	4
broadcast	4
concentration	4
intervals	4
inquiries	4
favor	4
journaling	4
positioned	4
tune	4
mager	4
speakers	4
modify	4
artistinresidence	4
kahn	4
constantly	4
interpretive	4
proactive	4
treated	4
careful	4
assessed	4
layers	4
valentine	4
checklist	4
donna	4
tree	4
altered	4
jump	4
momentum	4
begins	4
recruited	4
lowscoring	4
pulled	4
official	4
slower	4
randomization	4
spectrum	4
deepen	4
relate	4
manifesto	4
desires	4
fine	4
regression	4
liborgarticles	4
considerable	4
voices	4
kiosk	4
remember	4
accessed	4
bigger	4
pleased	4
town	4
categorized	4
minds	4
company	4
maness	4
manageable	4
incrementally	4
submission	4
convenient	4
plenty	4
ajax	4
largest	4
grown	4
evolving	4
uxlibs	4
purely	4
committees	4
lightweight	4
riders	4
assumption	4
minute	4
consortium	4
eaudiobooks	4
orient	4
mark	4
practitioner	4
correlation	4
tdm	4
llc	4
trouble	4
utilizes	4
staffed	4
character	4
examines	4
compress	4
firsthand	4
incorrect	4
gzip	4
suggesting	4
reverse	4
doubt	4
futurelib	4
mollerup	4
assembled	4
goodwin	4
tiffen	4
costs	4
phillips	4
normalization	4
impossible	4
battin	4
tags	4
comprise	4
receives	4
tap	4
analogous	4
madras	4
avoiding	4
cheng	4
nielson	4
memo	4
frequency	4
automatic	4
symonds	4
authority	4
architect	4
prominently	4
featuring	4
mixed	4
panel	4
lia	4
monitor	4
lengthy	4
yields	4
undertaken	4
reynolds	4
onto	4
inlibrary	4
fold	4
yield	4
clearer	4
heat	4
inherently	4
appeared	4
praxis	4
navigated	4
eleven	4
negatively	4
dashboard	4
visiting	4
william	4
advocated	4
de	4
visibility	4
plain	4
portland	4
menus	4
discusses	4
struggling	4
units	4
strength	4
remote	4
devote	4
havent	4
marked	4
normal	4
formulated	4
humor	4
december	4
composed	4
stack	4
specifics	4
nice	4
processing	4
contacted	4
darien	4
easiest	4
centers	4
washington	4
closing	4
monitoring	4
na	4
client	4
agenda	4
appeal	4
coco	4
collaborations	4
late	4
smart	4
checks	4
pete	4
figuring	4
walk	4
getparameterbynamer	4
lis	4
installed	4
replicated	4
plugin	4
columns	4
ballard	4
hoping	4
pursuing	4
reorganization	4
wiki	4
cunningham	4
sustainable	4
observer	4
mcevoy	4
textual	4
perceive	4
amazon	4
microsoft	4
explorations	4
ia	4
posters	4
tended	4
reaction	4
assign	4
richer	4
attainable	4
happening	4
graded	4
doors	4
invited	4
enhance	4
lifecycle	4
overdrive	4
indicating	4
interacted	4
pushed	4
advocating	4
obviously	4
accounted	4
ncsu	4
yahoo	4
exclusively	4
baked	4
funding	4
elevators	4
redirects	4
paxson	4
driving	4
mockups	4
blueprinting	4
lend	4
winter	4
instant	4
club	4
highscoring	4
talks	4
cut	4
serfass	4
sum	4
thirty	4
arguments	4
unable	4
sophomore	4
understandingthinking	4
reputation	4
epub	4
chunk	4
surface	4
extensively	4
renovations	4
surprisingly	4
industries	4
attempt	4
correctly	4
beach	4
continuing	4
transforming	4
loss	4
understandable	4
browse	4
passive	4
centre	4
wwwlibmontanaeduindex	4
duggan	4
digitally	4
nuanced	4
sell	4
firefox	4
milestones	4
formula	4
cdn	4
entrance	4
guenther	4
perrin	4
approved	4
attendees	4
bosman	4
quote	4
gibson	4
clarity	4
respondent	4
speak	4
surprised	4
proposal	4
family	4
aid	4
ul	4
laid	4
century	4
elicit	4
minimum	4
grounded	4
attitude	4
dropped	4
holmlid	4
realworld	4
whereby	4
variable	4
administrator	4
eliminating	4
conceptual	4
browsers	4
consulted	4
recognized	4
blind	4
revealing	4
examination	4
submitted	4
nineteen	4
illinois	4
collective	4
screenshots	4
magnitude	4
fourth	4
freedom	4
finds	4
wanting	4
diversity	4
boss	4
conflict	4
america	4
negotiate	4
productively	4
tweetposium	4
whiteboard	4
worker	4
centered	4
transition	4
impatience	4
saying	4
telling	4
boundaries	4
wow	4
errors	4
servers	4
invite	4
error	4
bulk	4
september	4
reality	4
rusinek	4
wealth	4
generic	4
forefront	4
pleasant	4
recommendation	4
rounds	4
colored	4
impacts	4
mclellan	4
cacheable	4
needing	4
remind	4
streamline	4
wayshowing	4
bobal	4
semistructured	4
mediation	4
volunteers	4
biases	4
irrelevant	4
falls	4
holds	4
intentional	4
tsopra	4
treat	4
virginia	4
heavy	4
spare	4
latino	4
beta	4
joinin	4
instagram	4
null	4
cocreate	4
keyboard	4
expression	4
milestone	4
collaboratively	4
degrees	4
bryant	4
affects	4
reliability	4
illustrated	4
tim	4
tempelmankluit	4
programmers	4
crl	4
relies	4
drew	4
outdated	4
fluid	4
compromise	3
scientific	3
held	3
convince	3
heath	3
downey	3
advancedproficient	3
convert	3
dense	3
intermediate	3
marks	3
cited	3
gaining	3
rocket	3
overhaul	3
marquez	3
chan	3
conversational	3
bonus	3
stale	3
seriously	3
hierarchical	3
seeming	3
inexpensive	3
narrative	3
streamlined	3
linking	3
england	3
smartphones	3
xml	3
opposite	3
subcategories	3
wiley	3
henry	3
greatly	3
invitation	3
adjustments	3
drawbacks	3
tasked	3
pass	3
retirement	3
etags	3
procedures	3
backed	3
cody	3
transcriptions	3
amazing	3
cookie	3
greatest	3
consisted	3
professionally	3
housed	3
jintcom	3
suggestshow	3
alike	3
browsable	3
navigational	3
threshold	3
latter	3
epic	3
sorted	3
argued	3
deriving	3
httpdesigningforperformancecomoptimizingmarkupandstylesminificationandgzip	3
automate	3
semantics	3
struggles	3
clue	3
mounted	3
misunderstood	3
focal	3
viewing	3
computing	3
cuny	3
continuously	3
german	3
financial	3
depend	3
cleveland	3
timestamp	3
lym	3
cheap	3
gateway	3
february	3
tutorial	3
kelley	3
disruptive	3
twelve	3
carefully	3
gps	3
beacon	3
overnight	3
preference	3
chair	3
aesthetics	3
simultaneous	3
grant	3
coauthor	3
park	3
achievable	3
decline	3
standalone	3
berkman	3
webpage	3
mediumsized	3
numerical	3
khodabandelou	3
utility	3
career	3
os	3
funded	3
costly	3
assigning	3
wieder	3
doshi	3
logic	3
stocking	3
bundza	3
trips	3
researching	3
acknowledgements	3
outsiders	3
adobe	3
watched	3
bean	3
host	3
snacks	3
engages	3
balanced	3
crosbie	3
foundational	3
indicator	3
aungelique	3
stating	3
discern	3
craft	3
snack	3
mutually	3
competition	3
serious	3
participated	3
informing	3
trendy	3
languages	3
recruitment	3
forming	3
preventing	3
instigating	3
expectation	3
exclusive	3
leader	3
methodological	3
blogging	3
sustain	3
allocation	3
httpsjournalcode	3
colorcoded	3
mormon	3
unused	3
colleges	3
cocoordinators	3
timed	3
capacity	3
prescribed	3
moved	3
webinars	3
lunch	3
blueprints	3
scientists	3
arizona	3
colloquial	3
concise	3
dollar	3
annotate	3
turned	3
substantially	3
scaled	3
shadowed	3
parties	3
friction	3
lived	3
glass	3
twenty	3
amy	3
exchange	3
encourages	3
greene	3
sit	3
robert	3
dislike	3
centralized	3
loyalty	3
incorporates	3
routinely	3
basics	3
health	3
ifla	3
implied	3
grows	3
learners	3
categorization	3
manually	3
segments	3
yellowstone	3
switzerland	3
morgan	3
lighting	3
crook	3
gets	3
onsite	3
committed	3
conversions	3
living	3
habitual	3
namely	3
captures	3
partnered	3
wheaton	3
responseid	3
dethloff	3
opensource	3
commented	3
reads	3
ford	3
wild	3
yearbooks	3
sightlines	3
involvement	3
physicians	3
hochheiser	3
scheduling	3
checked	3
insightful	3
customized	3
consistency	3
hanging	3
authoritarian	3
geography	3
inclusive	3
expense	3
finish	3
limitation	3
upcoming	3
wagner	3
struggled	3
headline	3
clarifying	3
relevancy	3
attractive	3
diy	3
encompass	3
unified	3
lies	3
empathetic	3
zimmerman	3
friend	3
mandernach	3
functioning	3
chen	3
skim	3
appearance	3
guideline	3
stronger	3
posting	3
sees	3
approval	3
meenan	3
mihokos	3
loweffort	3
flyers	3
extreme	3
artifacts	3
constructed	3
multivariate	3
newly	3
popup	3
passing	3
janyk	3
finite	3
overlooked	3
michelle	3
risks	3
simplicity	3
techonline	3
minimize	3
tandem	3
harter	3
mechanism	3
customizable	3
universitys	3
delivering	3
stemming	3
honesty	3
checkers	3
santa	3
thomas	3
weighed	3
faqs	3
anecdotes	3
suggestion	3
ignore	3
fieldwork	3
cookies	3
foyer	3
blue	3
returns	3
finder	3
raising	3
uncovering	3
completely	3
black	3
ecommerce	3
contest	3
reused	3
vcu	3
obtained	3
condensed	3
exhibit	3
unfocused	3
walkthroughs	3
transform	3
anonymous	3
sufficient	3
affiliated	3
crossdepartmental	3
fiscal	3
reminding	3
jumping	3
refworks	3
affordance	3
laubheimer	3
scholar	3
constrained	3
json	3
oriented	3
collins	3
scalable	3
mouth	3
transferred	3
produces	3
jiwa	3
packet	3
copyright	3
wcag	3
fulltext	3
drm	3
narrow	3
koltay	3
rooted	3
newer	3
paulo	3
straight	3
mary	3
nevertheless	3
medaille	3
deemed	3
reasoning	3
commonwealth	3
characterized	3
idema	3
watermarks	3
tancheva	3
agreeing	3
thoughtful	3
woodward	3
renew	3
encountering	3
carousel	3
hopefully	3
shops	3
mentions	3
trip	3
ny	3
cal	3
font	3
distinguishing	3
impressed	3
remained	3
develops	3
datetime	3
permitted	3
universitywide	3
failed	3
stored	3
fountains	3
contributors	3
nontraditional	3
calhoun	3
alex	3
assignments	3
jumpstarted	3
ranked	3
encompassing	3
risky	3
dreyfuss	3
scripted	3
weakness	3
expensive	3
karolinska	3
capturing	3
smartphone	3
openly	3
breaking	3
libraryminded	3
unfolded	3
executed	3
count	3
infrastructure	3
balancing	3
belson	3
ctr	3
partly	3
facilitates	3
informationseeking	3
bitner	3
letting	3
searched	3
subsequently	3
alongside	3
sene	3
karahoca	3
echo	3
slowing	3
promise	3
lucky	3
minimized	3
strive	3
consumers	3
invention	3
highimpact	3
borrowed	3
outcome	3
assisting	3
acted	3
richmond	3
promotes	3
worse	3
broken	3
redish	3
servernamelength	3
librarywide	3
inspire	3
nina	3
dares	3
troubleshooting	3
definite	3
attempted	3
caused	3
audiovisual	3
ipad	3
oversee	3
stood	3
photographed	3
newsletters	3
arrived	3
bump	3
displaying	3
scheduled	3
frameworks	3
booklists	3
sweep	3
ivy	3
everyones	3
workloads	3
vended	3
connected	3
targeted	3
consortia	3
institutet	3
protopersonas	3
href	3
reminds	3
sixth	3
abovethefold	3
src	3
ended	3
unavailable	3
renewed	3
appointments	3
sprawling	3
avoided	3
attendance	3
depicted	3
emily	3
dominant	3
wherein	3
laws	3
interval	3
ondemand	3
org	3
responded	3
shorthand	3
collaborate	3
funds	3
listed	3
contributes	3
promann	3
tiny	3
temporary	3
announced	3
expanding	3
roomsonthefly	3
constitute	3
player	3
interpretations	3
ecosystem	3
preparing	3
enrolled	3
root	3
klippel	3
nonusers	3
mcpherson	3
repeatedly	3
hey	3
laptop	3
uuid	3
mac	3
glean	3
inventory	3
anthropological	3
stereotyping	3
volunteer	3
multiplied	3
extend	3
nj	3
isolated	3
saunders	3
recurring	3
heres	3
distinction	3
transcribed	3
sigkdd	3
favicon	3
rebeccas	3
pitch	3
graduates	3
treatment	3
latest	3
notifications	3
oneself	3
discovering	3
awesome	3
decade	3
bookstore	3
catering	3
assets	3
chunks	3
carlile	3
strips	3
foreign	3
handouts	3
reasonably	3
surgery	3
thoroughly	3
transparent	3
facultystaff	3
buleys	3
embracing	3
evening	3
kennedy	3
inspired	3
biased	3
presumptive	3
dozens	3
sdsu	3
empathize	3
wellknown	3
radio	3
shortcomings	3
translated	3
strings	3
exposure	3
dozen	3
quito	3
messages	3
routledge	3
transformative	3
frontend	3
cook	3
driven	3
listening	3
sound	3
roaming	3
submissions	3
pathlength	3
functions	3
bernardino	3
conflicting	3
capabilities	3
tradition	3
mentioning	3
behalf	3
decades	3
consisting	3
south	3
strictly	3
evolve	3
dependent	3
unpack	3
fidelity	3
realistic	3
ebrary	3
dallas	3
ideation	3
deadlines	3
span	3
adopting	3
conversion	3
systemwide	3
predicted	3
busch	3
inexperienced	3
routing	3
awkward	3
shares	3
interestingly	3
blocks	3
reminded	3
throw	3
poststudy	3
succeed	3
timelocal	3
apache	3
pearce	3
tells	3
dedication	3
adequately	3
employment	3
deininger	3
promotional	3
moorman	3
interacts	3
hit	3
frontline	3
nelson	3
edeker	3
frost	3
lesson	3
mellon	3
simulate	3
matched	3
hands	3
scripts	3
vacuum	3
uribeacon	3
anchorsihref	3
mockup	3
concert	3
gradual	3
posttest	3
shareability	3
calculate	3
sector	3
andersen	3
raward	3
yunkin	3
ads	3
ranganathans	3
totally	3
anecdotally	3
stark	3
supplemental	3
tang	3
grayscale	3
security	3
unit	3
ils	3
operated	3
prove	3
arrive	3
preexisting	3
reserved	3
somewhere	3
dialogue	3
cookiefree	3
formulate	3
monday	3
specifications	3
transformed	3
forced	3
round	3
occupy	3
paid	3
assume	3
imaginary	3
redundant	3
stems	3
schonfeld	3
agent	3
mentally	3
rundblad	3
retirees	3
essay	3
edit	3
shneiderman	3
suny	3
presentations	3
fellow	3
refers	3
bozeman	3
selfcontained	3
founding	3
transformation	3
aisle	3
column	3
truth	3
thank	3
seasoned	3
silos	3
manual	3
reserve	3
repositories	3
arranged	3
crew	3
honest	3
annotated	3
younger	3
joint	3
esl	3
configure	3
redesigns	3
grade	3
requiring	3
concurrently	3
favored	3
publics	3
notification	3
enables	3
attempts	3
instructive	3
visualization	3
clients	3
expressing	3
patients	3
roughly	3
cruz	3
overholt	3
evenings	3
fixes	3
kupersmith	3
slater	3
harder	3
entered	3
onethird	3
invested	3
uncomfortable	3
consult	3
puts	3
beneath	3
predefined	3
modes	3
lower	3
possibly	3
shareable	3
incomplete	2
spots	2
ostrom	2
imperfect	2
rheumatoid	2
combing	2
cultivating	2
consciously	2
colorblindness	2
fails	2
salient	2
happened	2
cutts	2
deneckere	2
awful	2
alternates	2
steen	2
raijmakers	2
dickson	2
msu	2
brooklyn	2
spacefinder	2
coined	2
longitude	2
mandate	2
shes	2
fusion	2
hess	2
indirectly	2
sentences	2
waters	2
covering	2
echoes	2
triangulate	2
personnel	2
umbrella	2
slides	2
bridging	2
striving	2
auspice	2
compiled	2
conveyed	2
sheets	2
equation	2
efficacy	2
zero	2
snajdr	2
talent	2
rwd	2
objectives	2
spreadsheets	2
comparisons	2
studentdevelopers	2
jealous	2
addisonwesley	2
jan	2
excited	2
continual	2
adjusted	2
lms	2
novices	2
judging	2
qualtricsdfresponseid	2
industrial	2
inline	2
dlib	2
overviews	2
restrictive	2
bradley	2
calculation	2
macdonalds	2
topical	2
nevada	2
handy	2
muddimer	2
kuchta	2
rework	2
onthefly	2
summertime	2
declined	2
findability	2
negotiation	2
categorical	2
cover	2
offcampus	2
sidelined	2
cutting	2
exceptions	2
recall	2
schmidts	2
affairs	2
encoded	2
deleon	2
illuminating	2
librarylinknj	2
failing	2
problemsolving	2
isolating	2
ejournals	2
probe	2
svg	2
honeycomb	2
conforms	2
webmasters	2
wave	2
shoshana	2
findable	2
arise	2
untidy	2
majordepartment	2
grouped	2
morning	2
flag	2
henryfordneversaidthefast	2
outbound	2
substitute	2
unstructured	2
atypical	2
summed	2
conducive	2
ignores	2
measurements	2
icons	2
likes	2
congress	2
drucker	2
candy	2
summon	2
rd	2
httpblogshbrorg	2
sleep	2
borodovsky	2
unprofessional	2
kalakota	2
oxford	2
reaching	2
justification	2
positively	2
phrases	2
switch	2
mega	2
daunting	2
venot	2
httpsstackoverflowcomusers	2
newsletter	2
impacting	2
maturing	2
appealing	2
libapps	2
usa	2
counterparts	2
chudley	2
deletion	2
graphics	2
interviewed	2
underutilized	2
meaningfully	2
tewell	2
postings	2
paste	2
acronyms	2
refocus	2
sounded	2
fines	2
firsttime	2
gq	2
kelly	2
party	2
cms	2
multiplying	2
hrefindexphphoursali	2
precisely	2
nealschuman	2
repurposed	2
copying	2
urban	2
irbapproved	2
highfidelity	2
plattner	2
proxy	2
adaptive	2
television	2
exhibitions	2
staffcentered	2
patrick	2
structural	2
limb	2
ok	2
driver	2
grants	2
tag	2
lookups	2
websitebased	2
engineered	2
shifts	2
paperscfmabstractid	2
cyclical	2
jackson	2
formatting	2
avid	2
houston	2
pioneer	2
double	2
misleading	2
considers	2
wake	2
undergoing	2
friends	2
geared	2
maintains	2
topofmind	2
yslows	2
tends	2
loathe	2
shortly	2
leydesdorff	2
tacit	2
portions	2
punitive	2
radwares	2
maze	2
modifications	2
amsterdam	2
hurdle	2
widest	2
declutter	2
drafts	2
accesses	2
pin	2
koning	2
reveals	2
dns	2
impressions	2
circulations	2
quarter	2
daae	2
roger	2
patroncentered	2
immerse	2
politics	2
pomerantz	2
moderators	2
academy	2
classnavtabs	2
crovella	2
enacted	2
freshmen	2
sundt	2
interprets	2
highestperforming	2
delaware	2
doctoral	2
fills	2
resultant	2
tracked	2
bathroom	2
uk	2
duclos	2
siegel	2
unintended	2
responsiveness	2
ranger	2
loop	2
budgetfriendly	2
publishes	2
roll	2
proprietary	2
abandoned	2
longbotham	2
impediments	2
crash	2
searcher	2
legislation	2
entertainment	2
highlevel	2
slump	2
diaz	2
kanban	2
texthtml	2
collaborators	2
bibliomining	2
liftarn	2
trackrespondentid	2
wifi	2
profound	2
trusted	2
trending	2
envision	2
korea	2
extending	2
suppose	2
deleplace	2
hybrid	2
opac	2
wonderful	2
criticism	2
carr	2
commit	2
earth	2
chilton	2
circumstances	2
travel	2
adjust	2
drop	2
evangelism	2
exposing	2
mistakes	2
cummings	2
felker	2
mitigate	2
russell	2
ipod	2
borrowing	2
squeaky	2
horse	2
rearranged	2
switched	2
delve	2
leveraging	2
formulation	2
domain	2
httpsblogtwittercom	2
informative	2
accordance	2
architects	2
mozilla	2
charzinski	2
angeles	2
madison	2
horses	2
imaginable	2
empirical	2
eliminated	2
netflix	2
bite	2
evangelize	2
spatial	2
inevitably	2
fairly	2
bachorik	2
alexander	2
usual	2
jais	2
embrace	2
hofmann	2
prosthetic	2
ordering	2
pat	2
timeliness	2
casden	2
normalized	2
accomplishes	2
synthesized	2
critique	2
kammerer	2
markedly	2
wolcott	2
prentice	2
ifmodule	2
iterating	2
couched	2
sandbox	2
seamlessly	2
smoothly	2
twentyeight	2
ontario	2
getparameterbynamelinkclicked	2
bothering	2
floortoceiling	2
urrehman	2
hello	2
httpgoogleblogblogspotcom	2
export	2
progresses	2
nattawan	2
timings	2
centerpiece	2
rackham	2
defensiveness	2
mention	2
coherent	2
imagination	2
moot	2
introductory	2
beliefs	2
reservation	2
morville	2
dives	2
speculation	2
reuse	2
coker	2
letter	2
kristin	2
hangouts	2
anticipating	2
emergent	2
bar	2
proxies	2
righthand	2
institutionsthen	2
rear	2
clutter	2
utesch	2
boulder	2
adult	2
discrepancy	2
narratives	2
veregin	2
reconfigured	2
bowman	2
facade	2
misunderstandings	2
overly	2
silently	2
align	2
publication	2
lindsay	2
recipe	2
guys	2
nonlibrary	2
tomeo	2
specifying	2
cochran	2
cloudlibrary	2
textxml	2
bernadette	2
pfcoco	2
vietnam	2
guerillastyle	2
estimates	2
educate	2
discoverable	2
templates	2
hutcherson	2
undertaking	2
unaware	2
architectural	2
indoor	2
scholarship	2
moritz	2
charles	2
hires	2
downloadable	2
visualizing	2
publish	2
insideout	2
disciplinary	2
referenced	2
wills	2
transparency	2
junior	2
cents	2
houses	2
circles	2
besides	2
bibliographic	2
feed	2
tremendous	2
meyers	2
hasso	2
motivates	2
cite	2
undergone	2
lorigo	2
infer	2
possessed	2
joo	2
minimizing	2
offtheshelf	2
sobel	2
ineffective	2
disadvantage	2
jansen	2
thong	2
networked	2
nackerud	2
silver	2
telize	2
rational	2
pursued	2
encode	2
occurrences	2
interests	2
bernard	2
assumptionbased	2
flip	2
exception	2
eleventh	2
interviewing	2
todo	2
signals	2
armed	2
wandering	2
tempting	2
feasibility	2
revision	2
charrettes	2
separated	2
tailor	2
overlapping	2
defense	2
offended	2
clues	2
purtell	2
catch	2
cutler	2
moses	2
versa	2
reinforces	2
subdivided	2
overarching	2
ideo	2
ladder	2
influences	2
ppu	2
unc	2
encyclopedia	2
postits	2
async	2
southwell	2
identifiable	2
hinchliffe	2
send	2
electrical	2
anyones	2
transcribe	2
command	2
actionoriented	2
residue	2
pfau	2
fasterloading	2
accepted	2
sighal	2
useragent	2
spark	2
hopeful	2
surrogates	2
illdefined	2
makesenseofyoursitetipsforhtml	2
clement	2
overwhelmedstressed	2
rogerss	2
echoed	2
choemprayong	2
rejected	2
eaker	2
halpern	2
statista	2
counted	2
shirky	2
realizing	2
finalize	2
normalize	2
placing	2
dropdown	2
curedale	2
cahoy	2
druckers	2
parsing	2
invaluable	2
partnership	2
assertion	2
campaign	2
clearance	2
americans	2
sung	2
strengthened	2
consequences	2
clever	2
stimul	2
samples	2
observes	2
turnaround	2
curriculum	2
dean	2
quantify	2
bunch	2
ryan	2
barlow	2
customizations	2
sierra	2
framed	2
nondigital	2
nerl	2
hayes	2
procedure	2
wonder	2
amidst	2
libraryrelated	2
interior	2
pace	2
doubled	2
flowchart	2
flyer	2
thursday	2
aesthetic	2
beile	2
nerds	2
zaugg	2
vlaskovits	2
historic	2
ix	2
pathaslist	2
headersleverage	2
summers	2
kasperek	2
promoting	2
adequate	2
shoes	2
kruschwitz	2
asay	2
eakin	2
csv	2
threatened	2
plates	2
somehow	2
maria	2
differed	2
obstacle	2
intellectual	2
inserting	2
translating	2
switches	2
informatics	2
sweden	2
rethink	2
brutlag	2
kadlec	2
pioneers	2
fieldvalue	2
tatari	2
wooden	2
cueuseragentwords	2
vice	2
debate	2
rhythms	2
stairs	2
mess	2
calculating	2
approximate	2
resembles	2
maier	2
dive	2
salt	2
maybe	2
deyrup	2
duffy	2
highquality	2
permits	2
happily	2
sixty	2
goto	2
saving	2
packages	2
portion	2
beauty	2
decimal	2
regalado	2
fortunate	2
fears	2
completeness	2
freshman	2
griffin	2
westbury	2
reeves	2
unusually	2
reconfiguring	2
contradictory	2
obama	2
gauge	2
blacklight	2
ensures	2
dip	2
fivesecond	2
des	2
spam	2
cleaned	2
typeface	2
majors	2
tackling	2
engineers	2
expecting	2
speculating	2
drabinski	2
nonexistent	2
microfiche	2
agreements	2
delcore	2
matthews	2
forty	2
rhodes	2
sirsidynex	2
appreciation	2
crabtree	2
millennial	2
fits	2
undergrads	2
lookup	2
unknown	2
fernandez	2
listings	2
routine	2
accuracy	2
newest	2
noon	2
coral	2
dom	2
userdriven	2
mayer	2
inconsistently	2
expresses	2
brucker	2
controlling	2
grounding	2
hanson	2
structuring	2
internally	2
maturation	2
peake	2
reinforced	2
mariger	2
locational	2
critically	2
pose	2
hubs	2
synonymous	2
newson	2
presently	2
julie	2
resistance	2
lukes	2
disparity	2
hosoi	2
sutton	2
programmer	2
par	2
httpwwwerialprojectorgpublicationstoolkit	2
milliseconds	2
curated	2
directing	2
kimura	2
microwave	2
labor	2
standin	2
fidel	2
continuum	2
binding	2
country	2
lecture	2
enthusiasm	2
triangulation	2
alhamdani	2
inconsistency	2
turners	2
partially	2
drives	2
subset	2
responding	2
accept	2
night	2
expressions	2
informants	2
finished	2
marchionini	2
entirety	2
reject	2
finals	2
deaf	2
courses	2
webinar	2
societies	2
seeholzer	2
prohibited	2
organizationwide	2
mass	2
thrown	2
delays	2
diminished	2
furuta	2
anymore	2
differ	2
hug	2
dougan	2
distinguishes	2
identical	2
diagnostics	2
delay	2
ours	2
spirit	2
confronting	2
supplied	2
lita	2
thorpe	2
cohn	2
canadian	2
haphazard	2
struck	2
sommerfield	2
moderately	2
parameters	2
hi	2
introduces	2
bailey	2
medicine	2
salinesi	2
raddatz	2
accounting	2
mckibbon	2
hennig	2
subcultures	2
geographic	2
shelley	2
grad	2
supplementary	2
se	2
kaufmann	2
alphaimageloader	2
verify	2
lately	2
overcome	2
norm	2
centrally	2
uncanny	2
counting	2
production	2
trigger	2
quickloading	2
leftside	2
matsumoto	2
camera	2
marcotte	2
specialist	2
eyes	2
scent	2
kneip	2
finances	2
compresses	2
fostering	2
replacing	2
ellis	2
supervised	2
krishnamurthy	2
stumbling	2
divvying	2
suspect	2
krista	2
penfield	2
river	2
weiyin	2
staffs	2
cursor	2
participates	2
unwelcoming	2
hassenzahl	2
promotion	2
symposia	2
andresen	2
ofcom	2
grunt	2
situate	2
actors	2
lengthtaskset	2
mantra	2
mit	2
tolmie	2
fight	2
subscribed	2
systemic	2
parse	2
barford	2
scratch	2
render	2
exceed	2
authenticity	2
sparked	2
gnaldi	2
hensley	2
hobsbawm	2
prochaska	2
geertz	2
touchpoint	2
wysiwyg	2
vital	2
comparatively	2
vander	2
bolot	2
supposedly	2
fetterman	2
believed	2
easeofuse	2
everybody	2
lowstakes	2
complication	2
perezstable	2
reluctant	2
budgeting	2
lay	2
cached	2
edition	2
alexiou	2
peres	2
confirming	2
ithaka	2
painful	2
uninformative	2
apples	2
nuances	2
combat	2
hot	2
configured	2
notion	2
reorganized	2
pairs	2
stall	2
samantha	2
httpsrithakaorgp	2
passively	2
rush	2
piloting	2
contrino	2
holman	2
skillsbased	2
committing	2
diego	2
connaway	2
oregon	2
likeat	2
validated	2
hotspots	2
boisvenuefox	2
sweeping	2
accommodating	2
httpspapersssrncomsol	2
killer	2
intriguing	2
parallel	2
gate	2
agency	2
intense	2
symposium	2
nguyen	2
beau	2
selfreported	2
rapport	2
constructs	2
universally	2
tti	2
answered	2
cerf	2
leggett	2
decorative	2
orientation	2
respectively	2
analytical	2
doityourself	2
fruitful	2
subgoals	2
employee	2
fb	2
arthritis	2
practicing	2
contributing	2
arguing	2
container	2
shadowing	2
classic	2
lown	2
played	2
idaside	2
conventional	2
particle	2
bear	2
reframing	2
mcdonalds	2
rural	2
fell	2
historically	2
man	2
cares	2
depictions	2
bowlesterry	2
pauley	2
nicely	2
smale	2
whang	2
deck	2
grounds	2
mailing	2
gothelf	2
curve	2
subtle	2
httpwwwoclcorgcontentdamoclcreports	2
separating	2
obrien	2
sequences	2
contextualize	2
veldof	2
tight	2
partnering	2
intelligence	2
church	2
recession	2
kar	2
networking	2
kims	2
geek	2
indexing	2
sole	2
hrefindexphpviewnewsnewsali	2
canuel	2
react	2
informally	2
unlimited	2
combine	2
midjanuary	2
publisher	2
acquisition	2
secret	2
paragraph	2
sphere	2
tom	2
matt	2
holdings	2
horizon	2
quo	2
slideshow	2
squeak	2
horrigan	2
zamenopoulos	2
illustrating	2
acrobat	2
startup	2
criteria	2
witnessing	2
maron	2
patience	2
vassiliadis	2
chemistry	2
communicates	2
road	2
rethinking	2
uniqueness	2
conveying	2
heuristics	2
preserve	2
profile	2
overlook	2
amiel	2
konigsburg	2
sage	2
babu	2
loranger	2
ace	2
preater	2
bordac	2
cross	2
distraction	2
httpwwwclirorgpubsreportspub	2
bright	2
machines	2
devising	2
cox	2
dubois	2
wang	2
python	2
commonalities	2
downplay	2
memex	2
simplified	2
blindness	2
ilya	2
bolster	2
governance	2
flipped	2
davidson	2
manschot	2
foot	2
forgo	2
respondentlogresource	2
relied	2
novotny	2
random	2
responsibly	2
conferencing	2
frome	2
retain	2
justifiable	2
worries	2
logical	2
clause	2
warren	2
httpsdoiorghttpdxdoiorg	2
interviewers	2
httpsdevelopersgooglecomspeeddocsinsightsminifyresources	2
preservation	2
pot	2
wilson	2
sight	2
photographic	2
representations	2
fmv	2
federici	2
stress	2
revised	2
welldesigned	2
razzouk	2
forrest	2
trainers	2
barba	2
brochures	2
pine	2
scoping	2
attentiongrabbing	2
mayden	2
progression	2
theater	2
emphasized	2
standpoint	2
paterson	2
combinations	2
pulling	2
oud	2
henne	2
underneath	2
boosted	2
recommending	2
portfolio	2
afterwards	2
designbased	2
webscale	2
illuminate	2
payoff	2
generates	2
exclude	2
challenged	2
proof	2
brin	2
output	2
composition	2
borndigital	2
associations	2
men	2
cataloging	2
primer	2
manzo	2
forces	2
whos	2
wise	2
undergoes	2
mcglaughlin	2
fadel	2
usurelated	2
questiontype	2
backend	2
breadth	2
impacted	2
httpljlibraryjournalcom	2
pool	2
acknowledging	2
groundwork	2
turning	2
webonly	2
jonathan	2
schwartz	2
chinese	2
realtime	2
applewebkit	2
schoen	2
averages	2
lifelong	2
delivered	2
liaisons	2
libraryland	2
thrust	2
tobias	2
hbr	2
humans	2
disseminate	2
libux	2
install	2
eisenberg	2
kotler	2
starter	2
scanned	2
ethno	2
expose	2
accomplishing	2
merely	2
usercreated	2
helpseeking	2
ethos	2
httpssupportgooglecomanalyticsanswer	2
producing	2
pings	2
nonnative	2
communityoriented	2
necessity	2
opt	2
figs	2
staple	2
socalled	2
animations	2
actionable	2
runnerup	2
evidenced	2
evaluates	2
void	2
telephone	2
discounts	2
affordable	2
callahan	2
settle	2
warranties	2
schaffer	2
seattle	2
mixedmethods	2
studys	2
london	2
uxers	2
comeaux	2
promotions	2
millions	2
sustainability	2
causes	2
personally	2
percentages	2
preempt	2
borrows	2
influential	2
khaled	2
complexities	2
outsiderregional	2
fascinating	2
maher	2
workplace	2
sonsteby	2
properties	2
edge	2
triggers	2
massive	2
covertocover	2
alshboul	2
knowledgebased	2
vague	2
hood	2
erickson	2
chaired	2
psychological	2
occurrence	2
uxfocused	2
colorado	2
classactivea	2
metacognitive	2
accommodate	2
initiated	2
granted	2
rowland	2
eyetracking	2
accounts	2
safari	2
photo	2
undertake	2
titled	2
algorithm	2
inferences	2
rbm	2
researched	2
uploaded	2
ticketing	2
debating	2
sharper	2
implementations	2
eresource	2
formatted	2
sounding	2
miaskiewicz	2
textcss	2
yan	2
intend	2
los	2
thompson	2
prowess	2
outset	2
walter	2
fresno	2
wasted	2
rosen	2
twice	2
advised	2
dalal	2
bitesnackmeal	2
purity	2
rouncefield	2
plea	2
educating	2
distill	2
offerings	2
rough	2
varies	2
unanticipated	2
stimatz	2
viral	2
hourly	2
roams	2
reorganizing	2
navigability	2
kdl	2
promises	2
counterpart	2
federation	2
neglected	2
mail	2
siqueiros	2
philosophical	2
fundraising	2
knowledgebase	2
saddle	2
music	2
block	2
harley	2
felix	2
convinced	2
denied	2
qualities	2
proximity	2
seo	2
writers	2
edgar	2
avery	2
wilschefski	2
spending	2
dates	2
wrapped	2
players	2
contend	2
hackathons	2
motivating	2
directed	2
law	2
notoriously	2
triumph	2
screens	2
joined	2
construct	2
showcase	2
growth	2
wins	2
optimistic	2
objectively	2
paths	2
surveymonkey	2
noisy	2
sensitivity	2
rationale	2
bhattacharyya	2
monkey	2
hrefindexphpviewchatchatali	2
mandal	2
synthesize	2
visuallyimpaired	2
salem	2
elevates	2
cha	2
frequent	2
rise	2
experiencing	2
fifty	2
frustrates	2
messy	2
framing	2
github	2
julien	2
fond	2
hamburger	2
documentgetelementbyidmsginnerhtml	2
grabbing	2
sic	2
shute	2
gone	2
lounge	2
wilensky	2
germain	2
gilmore	2
schedules	2
admin	2
manuel	2
pursuit	2
trainings	2
children	2
geology	2
evaluative	2
schemes	2
revolve	2
mailings	2
uncertain	2
anchorsihrefsubstr	2
httpwww	2
viewable	2
october	2
angle	2
elapsed	2
imagined	2
voting	2
arrange	2
bags	2
kolan	2
containers	2
oldfashioned	2
palmer	2
getparameterbynametabclicked	2
lowest	2
whiting	2
embarking	2
extensions	2
existence	2
baruch	2
jumpstarter	2
spur	2
bartolucci	2
passonneau	2
alter	2
yearoveryear	2
latitude	2
arrangement	2
totaling	2
tablets	2
outtake	2
relation	2
renovated	2
budiu	2
serverside	2
charlotte	2
distribute	2
interfere	2
beck	2
predict	2
leveraged	2
detailing	2
alludes	2
analyses	2
survival	2
stresses	2
signed	2
folklore	2
rsr	2
longstanding	2
conveniently	2
themed	2
worst	2
paragraphs	2
porter	2
mindful	2
allen	2
battery	2
graph	2
openminded	2
matches	2
obradovich	2
tuesday	2
raised	2
reactive	2
wakimoto	2
hint	2
museums	2
collectors	2
folksonomies	2
manuscripts	2
longitudinal	2
reassure	2
dewey	2
maximum	2
httpwwwcoopercomjournal	2
bloom	2
bacci	2
checkmarks	2
magic	2
countless	2
uds	2
belanche	2
brandon	2
rosenfeld	2
records	2
essays	2
impactful	2
analyst	2
locally	2
login	2
devil	2
corresponds	2
battisto	2
bleeds	2
psst	2
curiosity	2
pendell	2
essence	2
prominent	2
mslis	2
enduser	2
supplements	2
faces	2
idrightpane	2
acting	2
fullness	2
liu	2
wideranging	2
castonguay	2
incorporation	2
interpreted	2
deliverables	2
replacements	2
tremendously	2
revolved	2
twothirds	2
busyconvenience	2
emerges	2
uxhaves	2
solo	2
transcribing	2
existed	2
proposing	2
sketchathon	2
arento	2
hanington	2
educause	2
ignoring	2
pictures	2
toronto	2
abrizah	2
galadriel	2
tldr	2
accepting	2
draws	2
advances	2
reward	2
passionate	2
brigham	2
chasing	2
norwich	2
grades	2
decreases	2
textjavascript	2
krugs	2
reaches	2
roots	2
deirdre	2
straus	2
execution	2
narrower	2
operational	2
bookmyne	2
walton	2
equipment	2
thin	2
akscyn	2
laminated	2
questioning	2
handout	2
hyperlinks	2
carousels	2
shyintrovert	2
delight	2
metaphors	2
calltoaction	2
settled	2
organic	2
anothers	2
bury	2
lunchtime	2
fivestory	2
trading	2
httpswwww	2
fortunately	2
james	2
pare	2
connell	2
incorrectly	2
clientside	2
investments	2
lighter	2
suffer	2
whatsoever	2
worded	2
rows	2
rohrer	2
teachers	2
chow	2
storage	2
meer	2
replicate	2
involving	2
quieter	2
approachable	2
inserted	2
differing	2
enact	2
pause	2
preface	2
lacking	2
intentionally	2
clinical	2
exceeds	2
eat	2
empretendem	2
door	2
invasive	2
establishment	2
immigrants	2
bouquin	2
