library	1679
user	917
users	719
usability	576
libraries	567
experience	563
design	553
data	500
web	484
information	442
ux	437
website	434
research	424
use	394
testing	392
work	379
also	371
time	339
search	331
digital	318
content	300
students	290
one	280
page	258
services	258
new	256
used	244
using	243
space	237
process	231
will	231
team	230
us	229
university	220
make	216
may	214
service	214
staff	207
many	205
like	201
study	194
group	191
journal	188
questions	187
example	186
system	184
help	178
participants	175
performance	175
personas	172
way	171
important	170
different	170
test	164
librarians	162
weave	160
access	160
results	157
people	152
figure	151
michigan	151
sus	150
two	150
skip	149
survey	149
see	149
spaces	148
student	148
issue	147
retrieved	147
need	144
well	142
collections	140
academic	140
online	137
find	136
resources	135
license	134
within	133
number	132
first	132
needs	131
methods	129
signage	128
approach	128
project	128
even	127
projects	124
websites	122
homepage	118
quick	116
question	116
much	114
often	114
including	114
patrons	113
better	112
members	111
doi	110
get	110
physical	110
found	108
analysis	108
tools	107
focus	105
ab	104
changes	104
feedback	103
specific	103
public	103
might	102
just	102
useful	101
provide	100
ethnography	100
understanding	100
book	99
systems	98
tests	98
building	97
made	97
based	96
groups	96
studies	94
librarian	93
making	93
terms	93
development	92
issues	92
site	91
contact	91
want	91
possible	90
collection	90
task	89
however	89
improve	89
percent	88
scale	88
part	88
creative	87
available	87
discovery	87
read	86
create	86
twitter	86
set	85
reference	85
understand	85
article	85
